,SEID,EpisodeNo,Season,PosTotal,NegTotal,CompTotal,LineCountTotal,WordCountTotal,PosJerry,NegJerry,CompJerry,LineCountJerry,WordCountJerry,PosGeorge,NegGeorge,CompGeorge,LineCountGeorge,WordCountGeorge,PosKramer,NegKramer,CompKramer,LineCountKramer,WordCountKramer,PosElaine,NegElaine,CompElaine,LineCountElaine,WordCountElaine,PosSecond,NegSecond,CompSecond,LineCountSecond,WordCountSecond,PosOther,NegOther,CompOther,LineCountOther,WordCountOther
0,S01E01,1.0,1.0,0.10781601336979636,0.16043005165603158,0.06344667274384681,557,6582,0.11324987186058431,0.23342501281394157,0.06371655561250641,250,3902,0.09275232198142418,0.07033353973168217,0.03946336429308566,98.0,969.0,0.039038461538461536,-0.1549423076923077,0.14296153846153847,7.0,52.0,0.09564304461942258,-0.012478215223097118,0.09303149606299213,53.0,381.0,0.12515590200445434,0.1078269487750557,0.06899331848552338,59.0,449.0,0.10036429433051872,0.04990337756332934,0.06862123039806997,90,829
1,S01E02,2.0,1.0,0.10030079559363528,-0.0040033659730722305,0.06807680538555688,280,3268,0.07914690721649484,-0.13401952319587623,0.07306314432989691,110,1552,0.11868860353130016,-0.013624077046548937,0.08408667736757627,68.0,623.0,0.13462248995983933,0.23474216867469877,0.050634538152610445,18.0,249.0,0.12304736842105263,0.1629126315789474,0.04973859649122807,57.0,570.0,,,,,,0.09980291970802918,0.19011715328467155,0.057430656934306566,27,274
2,S01E03,3.0,1.0,0.09590402843601899,0.11819191350710899,0.06929413507109006,241,3376,0.10004416961130738,0.1813425206124853,0.07081272084805652,102,1698,0.061641627543035996,0.016521439749608763,0.0678810641627543,51.0,639.0,0.11816724738675959,0.09393066202090593,0.07016376306620209,24.0,287.0,0.07671171171171172,-0.12634279279279279,0.12655855855855855,19.0,222.0,,,,,,0.11993207547169811,0.15401716981132074,0.04167547169811321,45,530
3,S01E04,4.0,1.0,0.09059261519682638,-0.013446689044858112,0.06796399145559961,230,3277,0.11420578034682083,0.003124508670520223,0.06493872832369942,102,1730,0.04589209726443769,-0.14924270516717322,0.07653343465045592,44.0,658.0,0.06416101694915254,0.10757838983050848,0.04484745762711865,18.0,236.0,0.071208,0.022277066666666664,0.09261333333333334,29.0,375.0,,,,,,0.09803597122302157,0.05391762589928057,0.052881294964028776,37,278
4,S02E01,1.0,2.0,0.10358352668213457,0.0786730568445476,0.08395968677494203,245,3448,0.1065500318674315,0.14683346080305926,0.08296494582536647,107,1569,0.09709213483146066,-0.0624001123595506,0.09470898876404496,55.0,890.0,0.15138823529411766,0.11800980392156862,0.07245098039215687,37.0,255.0,0.0718655097613883,0.06605661605206074,0.09168980477223429,23.0,461.0,,,,,,0.1166043956043956,0.1314084249084249,0.052329670329670334,23,273
5,S02E02,2.0,2.0,0.08983943661971833,-0.01957593114241003,0.08409859154929578,250,3195,0.08494798890429958,-0.037840499306518706,0.0732371705963939,90,1442,0.05862551440329219,-0.3638465020576132,0.14336625514403292,12.0,243.0,0.09460550458715596,0.06748944954128444,0.08545871559633028,23.0,218.0,0.0779404761904762,-0.08897916666666668,0.09674404761904762,31.0,336.0,0.11426269702276705,0.15891033274956212,0.06426795096322242,67.0,571.0,0.09932467532467533,0.012680779220779178,0.10497662337662339,27,385
6,S02E03,3.0,2.0,0.09282439024390245,-0.049544599303135886,0.08163972125435541,261,2870,0.07611468812877263,-0.2328130784708249,0.10854728370221327,97,994,0.08076326002587321,-0.19621772315653294,0.08622250970245794,53.0,773.0,0.12475000000000001,0.172663,0.01982,35.0,300.0,0.09438818565400843,0.304976582278481,0.07119831223628692,33.0,474.0,,,,,,0.1402826747720365,0.1353851063829787,0.06099088145896656,43,329
7,S02E04,4.0,2.0,0.12009931199521387,0.15735115166018543,0.06893927609931198,264,3343,0.10910593607305936,0.14656931506849316,0.06273698630136987,92,1095,0.10512719891745603,0.12314580514208388,0.08796481732070363,89.0,1478.0,0.07831304347826087,0.4439052173913044,0.011382608695652175,9.0,115.0,0.11979365079365079,0.1906132275132275,0.024634920634920638,15.0,189.0,,,,,,0.20385407725321888,0.20696781115879834,0.05534334763948498,59,466
8,S02E05,5.0,2.0,0.11000058428279284,0.16779588080631022,0.06926555652936021,281,3423,0.10241725692208628,0.21165962652929818,0.07416934964584675,102,1553,0.08578935698447894,0.02445720620842573,0.08585365853658536,43.0,451.0,0.133777027027027,0.199147972972973,0.05550675675675676,29.0,296.0,0.10732737030411447,0.15886332737030415,0.0642504472271914,51.0,559.0,,,,,,0.14041312056737587,0.154034219858156,0.054689716312056734,56,564
9,S02E06,6.0,2.0,0.12199417535254442,0.12719960147148987,0.07966983445738814,292,3262,0.11814416961130743,0.24727413427561834,0.057296819787985856,87,1415,0.10448837209302324,-0.12804132379248656,0.1285438282647585,56.0,559.0,0.15023529411764705,-0.049652205882352946,0.13685661764705884,30.0,272.0,0.10749382716049384,0.1227398148148148,0.06297839506172839,41.0,324.0,,,,,,0.13969653179190752,0.15945809248554915,0.07127456647398843,78,692
10,S02E07,7.0,2.0,0.12026176075268817,0.11035127688172049,0.07259139784946236,271,2976,0.10754450757575758,0.0874690340909091,0.055086174242424235,83,1056,0.14464599483204135,0.19497015503875972,0.06367571059431525,83.0,774.0,0.09029765886287626,-0.21197792642140464,0.10502006688963211,32.0,299.0,0.14458032786885247,0.19320622950819671,0.11327868852459015,22.0,305.0,0.0,0.0,0.0,3.0,12.0,0.11562264150943397,0.1690277358490566,0.08042452830188679,48,530
11,S02E08,8.0,2.0,0.11778173794976238,0.10081551255940256,0.06770638153428378,224,2946,0.1261139122315593,0.012026423902894469,0.07916059757236228,60,1071,0.11047696879643387,0.07848603268945022,0.05832392273402675,59.0,673.0,0.09401986754966887,0.14609735099337745,0.055241721854304635,18.0,302.0,0.0614264705882353,0.00664607843137256,0.08458823529411764,18.0,204.0,,,,,,0.13885201149425286,0.26698836206896553,0.059613505747126434,69,696
12,S02E09,9.0,2.0,0.12181631005248285,0.06215155429955588,0.07037424303593055,294,2477,0.11147068965517234,0.016090948275862074,0.09024568965517239,134,1160,0.10454868624420402,-0.014985471406491495,0.07664451313755796,52.0,647.0,0.17634857142857144,0.37574685714285716,0.007862857142857142,19.0,175.0,0.15251515151515152,0.1667897435897436,0.03791841491841492,82.0,429.0,,,,,,0.12878787878787878,0.11622727272727272,0.03636363636363636,7,66
13,S02E10,10.0,2.0,0.08037629810629202,-0.0670281307269396,0.08404092852779475,233,3274,0.08189857369255152,-0.06017480190174328,0.07149524564183837,75,1262,0.09156421356421357,-0.10244978354978354,0.10318903318903318,43.0,693.0,0.08615340909090909,0.005182954545454572,0.07550189393939394,29.0,528.0,0.07880141843971633,0.014641371158392437,0.07728841607565012,40.0,423.0,,,,,,0.04760869565217391,-0.22130896739130435,0.11101902173913043,46,368
14,S02E11,11.0,2.0,0.09479725334297072,0.1115641127574991,0.06067040115648717,239,2767,0.08470731707317074,0.1226165650406504,0.04855386178861789,75,984,0.08789617486338798,0.1057010928961749,0.06798360655737705,48.0,732.0,,,,,,0.08923728813559323,0.0985878274268105,0.07010323574730354,60.0,649.0,,,,,,0.14103731343283582,0.11613557213930349,0.06178358208955224,56,402
15,S02E12,12.0,2.0,0.06812984195847537,-0.014966160520607376,0.0686461109389526,223,3227,0.056313834726091,-0.08729805013927575,0.0764401114206128,57,1077,0.09972873900293253,0.17832258064516127,0.053021994134897374,49.0,682.0,0.057204419889502756,-0.08298121546961325,0.06291160220994475,23.0,181.0,0.05342431761786599,-0.20347171215880894,0.075272952853598,50.0,806.0,,,,,,0.07853638253638254,0.21439916839916837,0.0644012474012474,44,481
16,S03E01,1.0,3.0,0.10117897538256818,0.09020901530272794,0.06766034597471723,335,3006,0.10601242236024848,0.058110403726708094,0.07758850931677018,108,1288,0.08468787878787877,0.03977757575757576,0.0667030303030303,91.0,660.0,0.12411746987951808,0.36534367469879514,0.038771084337349396,24.0,332.0,0.055408,-0.056318400000000005,0.07726800000000002,45.0,250.0,,,,,,0.11900630252100841,0.13204705882352946,0.057226890756302516,67,476
17,S03E02,2.0,3.0,0.13110170104958377,0.22808906985161057,0.07426673905175535,261,2763,0.1350752688172043,0.3420585607940446,0.0719511993382961,78,1209,0.12489080459770113,0.14219727011494257,0.09992241379310343,68.0,696.0,0.15947389558232933,0.13184658634538152,0.06764257028112448,32.0,249.0,0.11169732937685459,0.11349732937685458,0.05365875370919881,52.0,337.0,,,,,,0.12740073529411763,0.1713735294117647,0.05050735294117647,31,272
18,S03E03,3.0,3.0,0.0829872663234896,0.07450062313736114,0.04957409916011921,391,3691,0.08794587843463782,0.11892689425478767,0.039839300582847625,107,1201,,,,,,,,,,,0.09257534246575343,0.06882328767123287,0.03763356164383561,41.0,292.0,0.07140111642743222,0.021811084529505607,0.060028708133971286,148.0,1254.0,0.08910381355932204,0.0897278601694915,0.05176483050847459,95,944
19,S03E04,4.0,3.0,0.09525349162011175,0.04379710195530727,0.06710370111731845,261,2864,0.07379442231075697,-0.05450063745019921,0.08758964143426294,93,1255,0.11385344827586209,0.009700000000000007,0.07228735632183908,53.0,348.0,0.11140392156862744,0.18364039215686276,0.053219607843137264,21.0,255.0,0.12428708133971293,0.14528197767145137,0.0472280701754386,68.0,627.0,,,,,,0.09033509234828495,0.13862137203166225,0.03673087071240106,26,379
20,S03E05,5.0,3.0,0.08338472270666203,0.12349487268922216,0.06429229159400067,226,2867,0.08749478672985785,0.2780521327014218,0.04980947867298579,74,1055,0.06535839598997495,-6.516290726817438e-05,0.06164411027568923,37.0,399.0,0.09603908794788274,0.019797719869706847,0.04690879478827362,33.0,307.0,0.03565769230769231,-0.14938153846153845,0.10819230769230767,26.0,260.0,,,,,,0.09683687943262412,0.11052257683215128,0.07641843971631207,56,846
21,S03E06,6.0,3.0,0.086435262629642,0.08720578788892609,0.0655951823352292,281,2989,0.10851808406647119,0.13469745845552297,0.07921700879765398,73,1023,0.08887630208333336,0.18821653645833336,0.05428645833333332,65.0,768.0,0.03479802955665025,-0.09220049261083743,0.057465517241379306,51.0,406.0,0.07630550918196993,0.011855592654424039,0.05572954924874792,59.0,599.0,,,,,,0.0997357512953368,0.04478860103626943,0.08611398963730571,33,193
22,S03E07,7.0,3.0,0.12055654430849094,0.11064134223210975,0.058739340007415645,343,2697,0.13519335705812577,0.14305717674970345,0.06960260972716488,92,843,0.09585567010309279,0.09296804123711339,0.04618556701030928,77.0,679.0,0.07439669421487603,0.05922190082644631,0.06078925619834711,30.0,242.0,0.09323012552301255,0.017213179916318,0.06493305439330545,80.0,478.0,,,,,,0.18355824175824176,0.2024562637362637,0.04974945054945055,64,455
23,S03E08,8.0,3.0,0.08904038004750596,0.07959144893111636,0.044203936206311495,316,2947,0.08558840579710146,0.012512657004830875,0.051919806763285024,107,1035,0.09154739336492894,0.11296552132701417,0.04824763033175354,99.0,844.0,0.06230371900826447,0.03683657024793388,0.043960743801652886,45.0,484.0,0.1312105263157895,0.22588875598086128,0.026363636363636363,49.0,418.0,,,,,,0.0695843373493976,0.0844102409638554,0.02116867469879518,16,166
24,S03E09,9.0,3.0,0.14435859318346625,0.15447926033357504,0.06615264684554024,264,2758,0.16936842105263156,0.19738708133971286,0.06871052631578947,47,418,0.13847980997624704,0.19095890736342047,0.05568408551068883,69.0,842.0,0.15531363636363632,0.12702090909090907,0.060440909090909094,35.0,440.0,0.15173867595818813,0.12422857142857142,0.06525435540069686,41.0,287.0,,,,,,0.1282204928664073,0.11830843060959796,0.07979247730220493,72,771
25,S03E10,10.0,3.0,0.11896319628647223,0.09885381299734744,0.0658315649867374,331,3016,0.14286448087431694,0.09234688524590166,0.07432786885245903,121,915,0.11220986238532109,0.07595997706422017,0.09066628440366972,76.0,872.0,0.09468452380952382,0.17908333333333332,0.044101190476190474,14.0,168.0,0.12658116883116885,0.006433116883116871,0.0654512987012987,34.0,308.0,,,,,,0.10004116865869854,0.15317556440903057,0.03175166002656042,86,753
26,S03E11,11.0,3.0,0.10005119760479042,0.05718679640718558,0.06747485029940119,317,3340,0.10207037037037037,0.05619787037037039,0.05476481481481483,113,1080,0.07158760107816711,-0.14475202156334233,0.09700808625336926,40.0,371.0,0.08434244080145721,-0.02346174863387976,0.055562841530054655,50.0,549.0,0.12981592689295038,0.26710130548302874,0.08421148825065274,59.0,766.0,,,,,,0.08995296167247387,-0.013424912891986069,0.0613588850174216,55,574
27,S03E12,12.0,3.0,0.09487766137208516,0.06965947955390331,0.05746130449476175,282,2959,0.10402654867256639,0.09474729596853491,0.058264503441494586,90,1017,0.09980043620501637,0.020721592148309716,0.050616139585605235,86.0,917.0,0.09798170731707316,0.1086579268292683,0.06315243902439024,8.0,164.0,0.0745069306930693,0.013371683168316835,0.06517029702970298,60.0,505.0,,,,,,0.08352808988764045,0.18592724719101125,0.05924157303370786,38,356
28,S03E13,13.0,3.0,0.10694366831906264,0.14903560162235235,0.0813623253717891,180,2219,0.10359312320916907,0.10695587392550142,0.07302292263610315,33,349,0.0836019417475728,-0.17282854368932038,0.12699805825242722,41.0,515.0,0.11369506726457398,0.08023766816143497,0.06752914798206278,16.0,223.0,0.1439590163934426,0.01633934426229508,0.13461475409836063,24.0,122.0,,,,,,0.11404158415841581,0.35891356435643545,0.05759603960396039,66,1010
29,S03E14,14.0,3.0,0.11932794376098423,0.12974555360281204,0.07311107205623901,288,2845,0.13447750865051902,0.15744775086505192,0.07978431372549019,79,867,0.125689448441247,0.17553417266187046,0.07578776978417266,75.0,834.0,0.11452592592592593,0.22560148148148151,0.026366666666666667,27.0,270.0,0.128969696969697,0.12421649831649831,0.05977441077441077,36.0,297.0,,,,,,0.0846533795493934,-0.020071577123050258,0.08795320623916812,71,577
30,S03E15,15.0,3.0,0.09985909245991127,0.06964148754691232,0.0719225520300239,331,2931,0.10441544477028351,0.0534644183773216,0.08013587487781036,111,1023,0.11405805243445691,0.16371685393258434,0.07089325842696631,55.0,534.0,0.11427114967462039,0.14042147505422992,0.029275488069414317,46.0,461.0,0.05875221238938054,0.025273893805309734,0.06368141592920354,26.0,226.0,0.11014197530864198,-0.026898148148148154,0.12603703703703706,24.0,162.0,0.07840571428571429,-0.007787428571428576,0.08126285714285715,69,525
31,S03E16,16.0,3.0,0.1332131661442006,0.08952960640891673,0.09007767328456985,300,2871,0.15081891891891894,0.14100108108108111,0.06412297297297298,99,740,0.1492327698309493,0.11267724317295193,0.09562158647594277,69.0,769.0,0.09021548821548822,0.12266936026936028,0.10009090909090908,16.0,297.0,0.12834380165289255,0.054961487603305784,0.08419834710743801,80.0,605.0,,,,,,0.11227608695652175,-0.00790130434782612,0.12383043478260866,36,460
32,S03E17,17.0,3.0,0.09442254934760791,0.08562796922047505,0.055653395784543314,301,2989,0.09002943722943722,0.05156891774891776,0.050908225108225104,114,1155,0.0753796653796654,-0.021725225225225228,0.06233204633204632,63.0,777.0,0.10823291139240507,0.3006622784810127,0.04827848101265824,35.0,395.0,0.08822857142857145,0.013216428571428565,0.0904642857142857,44.0,280.0,0.08689473684210527,0.20997894736842102,0.06674736842105262,10.0,95.0,0.15318466898954702,0.24686480836236935,0.029184668989547035,35,287
33,S03E18,18.0,3.0,0.1518569085690857,0.16867191471914716,0.06392291922919228,229,2439,0.1701354166666666,0.3361407986111111,0.0554375,53,576,0.1655311475409836,0.20040245901639342,0.0799590163934426,44.0,610.0,0.16475627240143367,0.23207777777777774,0.06168817204301075,32.0,279.0,0.16808333333333333,0.07586250000000001,0.06964015151515152,34.0,264.0,0.09832812499999999,-0.061564062499999975,0.04096875,8.0,64.0,0.11574767801857584,0.022741331269349848,0.05724922600619196,58,646
34,S03E19,19.0,3.0,0.09693679622230297,0.025997638939338888,0.07169269887395571,271,2753,0.07663754045307444,0.10381877022653721,0.07771035598705503,68,618,0.1038964781216649,0.002939274279615796,0.07382390608324439,84.0,937.0,0.09194808743169398,-0.041481420765027324,0.0913415300546448,30.0,366.0,0.09274117647058824,0.018039411764705863,0.06855882352941177,31.0,170.0,,,,,,0.10987160120845921,0.025336706948640483,0.053,58,662
35,S03E20,20.0,3.0,0.13218977350720656,0.06344615648592992,0.08028448867536035,308,2914,0.12488088642659279,0.05627091412742384,0.07939889196675902,107,1083,0.15760671936758894,0.16121837944664036,0.08577470355731225,58.0,506.0,0.11249236641221373,0.010410687022900746,0.058015267175572524,28.0,262.0,0.13690787716955943,0.07285767690253671,0.08095460614152204,77.0,749.0,,,,,,0.12162101910828023,-0.04755987261146499,0.09147452229299363,38,314
36,S03E21,21.0,3.0,0.13586225728155343,0.142673088592233,0.058260922330097074,303,3296,0.14056354916067143,0.04828501199040768,0.07232853717026379,65,834,0.10565674255691769,0.09875621716287215,0.02925919439579685,55.0,571.0,0.18496369636963694,0.2491125412541254,0.04957095709570957,32.0,303.0,0.13177412731006158,0.07730841889117043,0.063652977412731,54.0,487.0,,,,,,0.13626158038147138,0.23656739327883738,0.06265213442325158,97,1101
37,S03E22,22.0,3.0,0.11503159600324067,0.08995055360518489,0.07611018093437753,397,3703,0.10971232876712327,0.09779383561643835,0.04842294520547945,85,584,0.1134421965317919,0.09439306358381505,0.0781965317919075,96.0,1038.0,0.17572234273318874,0.03990238611713666,0.10637527114967463,58.0,461.0,0.10273237597911229,0.14188903394255875,0.08335770234986944,63.0,766.0,0.13526,0.019692000000000008,0.0772,10.0,50.0,0.09660820895522389,0.06210037313432834,0.06920149253731345,85,804
38,S03E23,23.0,3.0,0.0822461038961039,0.021936006493506476,0.0645288961038961,295,3080,0.05748800000000001,-0.08091199999999998,0.07169333333333335,84,750,0.08429862475442042,0.06897347740667974,0.061662082514734776,62.0,509.0,0.1274406779661017,0.20256394453004622,0.06950693374422189,56.0,649.0,0.09995437262357415,0.14195437262357413,0.05471102661596958,33.0,263.0,0.11295180722891567,-0.1813542168674699,0.06881927710843375,10.0,83.0,0.05922760290556901,-0.07337312348668278,0.05857384987893462,50,826
39,S04E01,1.0,4.0,0.15255187713310586,0.2170377133105802,0.05183071672354951,289,2930,0.12951886792452835,0.22648150943396228,0.025975471698113206,62,530,0.12982352941176467,0.22945067079463363,0.0344437564499484,79.0,969.0,0.21076244343891404,0.4163884615384614,0.03654524886877828,38.0,442.0,,,,,,,,,,,0.16114863498483312,0.11072184024266934,0.08955308392315467,110,989
40,S04E02,2.0,4.0,0.12246482309882069,0.057218747458316364,0.09135908906059376,266,2459,0.10173768308921438,-0.03592623169107857,0.0896151797603196,90,751,0.10011346444780635,0.06353101361573373,0.08372163388804843,83.0,661.0,0.18980232558139537,0.12410930232558134,0.09952325581395348,34.0,430.0,,,,,,,,,,,0.12470988654781201,0.11721312803889788,0.09597406807131281,59,617
41,S04E03,3.0,4.0,0.11243984160828513,0.16887621078282064,0.051632043862321036,360,3283,0.11718390804597699,0.16731084770114932,0.05049209770114943,151,1392,0.10001385927505331,0.13981215351812368,0.047094882729211085,100.0,938.0,0.09936263736263734,0.13842664835164836,0.09886263736263735,38.0,364.0,0.17760000000000004,0.16392,0.0,3.0,10.0,0.11078625954198473,0.24132442748091593,0.02187022900763359,25.0,262.0,0.14270347003154574,0.23699242902208195,0.042056782334384854,43,317
42,S04E04,4.0,4.0,0.11770314426633793,0.10104044389642419,0.06620345252774351,351,3244,0.11423940677966102,0.13364491525423727,0.060324152542372875,110,944,0.11695460992907804,0.14539290780141845,0.04433191489361702,81.0,705.0,0.06526239067055394,0.040690087463556845,0.07902915451895044,60.0,343.0,0.11555555555555556,0.1973111111111111,0.0,3.0,18.0,0.14401065246338215,0.04479640479360849,0.09526231691078563,53.0,751.0,0.12198136645962734,0.09930020703933748,0.05779503105590062,44,483
43,S04E05,5.0,4.0,0.11676462155963305,0.11699234518348624,0.06467689220183485,362,3488,0.09288942891859055,0.06342466585662211,0.07657108140947752,91,823,0.12983478260869566,0.07134753623188404,0.05452463768115942,36.0,345.0,0.11719565217391306,0.12633913043478262,0.04613768115942029,36.0,414.0,0.13064961636828643,0.09154987212276215,0.10197953964194374,45.0,391.0,0.11085334555453712,0.10439560036663612,0.06352337305224563,110.0,1091.0,0.15445754716981133,0.3048582547169812,0.03652122641509434,44,424
44,S04E06,6.0,4.0,0.1320535362073824,0.054668836291913186,0.06514933784164556,345,3549,0.10403409090909091,-0.10168522727272726,0.07008522727272727,72,880,0.16863770053475938,0.24907887700534762,0.07539839572192514,51.0,748.0,0.22332525252525254,0.2865468686868687,0.04698383838383838,47.0,495.0,0.17922500000000002,0.2369679166666666,0.06756666666666668,29.0,240.0,0.07926208178438662,-0.04066802973977694,0.08422676579925649,74.0,538.0,0.08451234567901234,-0.12290416666666663,0.043757716049382715,72,648
45,S04E07,7.0,4.0,0.1198741816111586,0.10786971249644178,0.07532422430970678,363,3513,0.12978909090909088,0.099401,0.08648,100,1100,0.10700849858356938,0.08733725212464594,0.07319830028328611,68.0,706.0,0.11120624999999999,0.30770687499999994,0.032043749999999996,24.0,320.0,0.09282848837209301,0.007529069767441871,0.06802906976744186,46.0,344.0,0.09214507772020725,0.09603316062176166,0.048269430051813465,27.0,193.0,0.13823411764705884,0.10394647058823528,0.08804235294117647,98,850
46,S04E08,8.0,4.0,0.10731370632787693,0.219593574395309,0.054354752015636464,338,4093,0.09512711864406781,0.21134276401564545,0.06300782268578879,102,1534,0.12342214912280701,0.1753755482456141,0.04691008771929824,88.0,912.0,0.16718028169014085,0.4032842253521127,0.02983943661971831,27.0,355.0,0.09267575757575756,0.09649999999999999,0.08359393939393939,27.0,330.0,0.11050387596899226,0.43754457364341093,0.051034883720930235,19.0,258.0,0.08850426136363636,0.18005227272727273,0.04501704545454545,75,704
47,S04E09,9.0,4.0,0.11251255673222388,0.05171824508320725,0.06498245083207262,299,3305,0.07809909281228192,-0.07842407536636427,0.07291137473831122,94,1433,0.1443972286374134,0.24075473441108547,0.05421709006928406,36.0,433.0,0.16112200956937797,0.2004172248803828,0.055933014354066994,55.0,418.0,0.11323379174852652,0.09205422396856577,0.0653163064833006,48.0,509.0,0.10353333333333334,0.05103666666666666,0.07673333333333332,8.0,60.0,0.14649778761061943,0.10037942477876105,0.056590707964601784,58,452
48,S04E10,10.0,4.0,0.10063379097786498,0.03359484449425612,0.07336200616419165,316,3569,0.09098000000000002,0.016092666666666693,0.06334666666666665,118,1350,0.1051235059760956,0.03413157370517929,0.09368227091633467,76.0,1004.0,0.07826141078838175,-0.059688381742738585,0.09044398340248962,34.0,241.0,0.10728059071729959,0.10812151898734178,0.06329535864978902,24.0,474.0,0.17058333333333334,-0.18730833333333335,0.17206666666666667,6.0,60.0,0.11556363636363635,0.08700136363636365,0.04575227272727274,58,440
49,S04E11,11.0,4.0,0.09269114349775788,0.0566911434977579,0.04832315022421524,339,3568,0.11973543689320387,0.20217669902912622,0.03198422330097087,91,824,0.09293387470997683,0.07144651972157771,0.05403944315545244,77.0,862.0,0.13591981132075473,0.19669740566037736,0.061955188679245286,29.0,424.0,0.05593975903614458,-0.20668085676037484,0.056001338688085676,66.0,747.0,0.07656903765690377,0.11897405857740587,0.05346443514644351,16.0,239.0,0.07252966101694916,0.03527457627118646,0.039406779661016945,60,472
50,S04E12,12.0,4.0,0.10519168241965975,0.15518177693761812,0.05082533081285444,245,2645,0.13007839721254358,0.2360639372822299,0.03648780487804878,53,574,0.10565888689407543,0.2970332136445243,0.060301615798922806,37.0,557.0,0.08832891246684352,-0.045354641909814315,0.05050928381962865,33.0,377.0,0.12283464566929134,0.2225982283464567,0.05782480314960631,50.0,508.0,,,,,,0.07792527821939585,0.021504610492845782,0.05005405405405405,72,629
51,S04E13,13.0,4.0,0.09912976860537838,0.06606882426516576,0.06453595997498436,288,3198,0.09316895459345301,0.05745955649419215,0.056406546990496305,79,947,0.11704697986577178,0.1636743624161074,0.06358791946308724,50.0,745.0,0.10193176470588235,0.05852705882352942,0.04885411764705882,50.0,425.0,0.10500000000000001,0.07953211009174314,0.08416880733944952,46.0,545.0,0.08253061224489797,0.06121632653061224,0.0,10.0,49.0,0.0759671457905544,-0.0745012320328542,0.08000205338809034,53,487
52,S04E14,14.0,4.0,0.08763074901445465,0.03726088480070084,0.0665479632063075,234,2283,0.10097154471544717,0.05661382113821139,0.08847154471544715,35,246,0.11257446808510636,0.15808893617021277,0.03862978723404255,43.0,470.0,0.12304411764705883,0.22268897058823528,0.028455882352941178,15.0,136.0,0.054778162911611784,-0.13611733102253035,0.08274523396880416,56.0,577.0,,,,,,0.08661709601873535,0.052800702576112385,0.07072014051522248,85,854
53,S04E15,15.0,4.0,0.1519463214398485,0.17018616987685506,0.08310009472687085,299,3167,0.14268518518518522,0.06673137860082304,0.06363991769547325,102,972,0.17854061251664446,0.3035001331557922,0.11443941411451397,57.0,751.0,0.1251578947368421,0.3730792243767313,0.030293628808864267,18.0,361.0,0.1741440501043841,0.2569012526096034,0.043745302713987466,59.0,479.0,,,,,,0.1321903973509934,-0.01912119205298015,0.13822185430463574,63,604
54,S04E16,16.0,4.0,0.1136593470095348,0.09951935856688822,0.057835596648367536,304,3461,0.10893364377182774,0.1342313154831199,0.04212805587892898,88,859,0.11818758256274771,0.128167107001321,0.04879128137384412,57.0,757.0,0.1468805031446541,0.2603459119496855,0.056339622641509435,23.0,318.0,0.07965086206896552,-0.07323534482758623,0.06361853448275862,36.0,464.0,,,,,,0.11915992474129816,0.07836359360301033,0.07489275634995296,100,1063
55,S04E17,17.0,4.0,0.08947027600849257,0.05356449044585989,0.07109501061571125,204,1884,0.08270986745213547,0.025341237113402068,0.06656111929307806,64,679,0.09222452504317788,0.07641226252158898,0.08059758203799655,66.0,579.0,0.07528571428571429,-0.14075595238095237,0.11159523809523811,12.0,84.0,0.052367187499999995,-0.03349453125,0.051484375,16.0,128.0,,,,,,0.11105555555555556,0.13424371980676328,0.06308695652173912,46,414
56,S04E18,18.0,4.0,0.10672440000000001,0.05946908000000003,0.06477519999999998,247,2500,0.12328402366863905,0.15729605522682447,0.03744773175542406,62,507,0.11927346938775511,0.2563304081632653,0.0290530612244898,34.0,490.0,0.07559027777777777,-0.022311111111111108,0.05147569444444444,34.0,288.0,0.11790190735694824,0.02155640326975478,0.05740326975476839,28.0,367.0,0.06440639269406392,0.06259634703196348,0.0783972602739726,24.0,219.0,0.10606836248012719,-0.11426470588235292,0.12027821939586643,65,629
57,S04E19,19.0,4.0,0.11726458333333328,0.06713215277777779,0.07226944444444443,275,2880,0.11752587244283995,0.13604079422382673,0.05433092659446452,77,831,0.10831840796019901,-0.10948059701492537,0.10667661691542289,34.0,402.0,0.1401661807580175,0.06630787172011664,0.0628338192419825,35.0,343.0,0.07584943181818181,0.026791477272727272,0.0729375,44.0,352.0,,,,,,0.12787605042016806,0.09677279411764705,0.0765514705882353,85,952
58,S04E20,20.0,4.0,0.11772596448254748,0.14802115737905694,0.04900642988364973,378,3266,0.11564291632145818,0.10367671913835959,0.06412096106048053,144,1207,0.10932704402515722,0.20019559748427676,0.03243553459119496,68.0,636.0,0.1511934065934066,0.13330571428571428,0.04408351648351647,58.0,455.0,0.12198209718670076,0.2038455242966752,0.05159335038363172,42.0,391.0,,,,,,0.10206585788561524,0.15704887348353555,0.03778336221837088,66,577
59,S04E21,21.0,4.0,0.09093188720173535,0.08306772234273319,0.054885466377440344,238,2305,0.060528671328671325,-0.06602265734265733,0.07866573426573427,65,715,0.12992991452991456,0.2426704273504273,0.038439316239316235,57.0,585.0,0.15529341317365267,0.42981017964071855,0.02749700598802395,13.0,167.0,0.03640909090909091,-0.07782792207792207,0.06787662337662337,35.0,308.0,0.1044378698224852,0.04620414201183432,0.04279881656804734,28.0,169.0,0.09837396121883656,0.1138484764542936,0.0416814404432133,40,361
60,S04E22,22.0,4.0,0.1345138667516736,0.11954762511954094,0.06367197959834237,325,3137,0.1412817059483726,0.05368821548821545,0.04891694725028058,81,891,0.10321428571428572,0.07015412087912087,0.09217582417582419,73.0,728.0,0.16205,0.2926422916666666,0.06374583333333333,51.0,480.0,0.14056867469879522,0.16116771084337347,0.04072530120481928,58.0,415.0,0.08533163265306123,-0.15479591836734696,0.11061734693877552,19.0,196.0,0.1594918032786885,0.2320833723653396,0.04653395784543326,43,427
61,S04E23,23.0,4.0,0.11603770351328194,0.06701331048271923,0.058956583833190544,347,3501,0.10996119016817593,0.016402199223803347,0.060759379042690805,87,773,0.11046102819237145,-0.1804882255389718,0.12452072968490879,50.0,603.0,0.15051851851851852,0.1632994301994302,0.06551282051282052,31.0,351.0,0.09072552447552448,0.05410751748251747,0.0610034965034965,44.0,572.0,,,,,,0.12471963394342761,0.20174833610648923,0.022017470881863562,135,1202
62,S04E24,24.0,4.0,0.10308273991183453,0.07699247202441505,0.06680908782638181,278,2949,0.11286301369863014,0.11544048706240488,0.06240791476407916,76,657,0.13452852852852853,0.18636606606606607,0.059406906906906906,44.0,666.0,0.03575,-0.26922152777777775,0.09474305555555555,12.0,144.0,0.14738977635782746,0.2690757188498403,0.05010862619808307,28.0,313.0,0.193,-0.07525000000000001,0.22275,2.0,8.0,0.0752962962962963,-0.01530077519379847,0.07350904392764859,116,1161
63,S05E01,1.0,5.0,0.11176172797840032,0.08789291258859262,0.07024434694566319,364,2963,0.1077271028037383,0.1583686915887851,0.060398130841121514,133,1070,0.12732579185520365,0.12038552036199093,0.06221266968325792,64.0,663.0,0.10929292929292929,0.053603787878787876,0.050209595959595954,47.0,396.0,0.11386131386861316,0.013629927007299267,0.1093552311435523,69.0,411.0,,,,,,0.09784397163120567,-0.037050591016548465,0.08849408983451539,51,423
64,S05E02,2.0,5.0,0.1174662748390708,0.18624312902322993,0.04966694654352084,297,3573,0.11229337094499295,0.0496062059238364,0.05301833568406206,71,709,0.09887730727470138,0.10246927252985885,0.06076655808903366,67.0,921.0,0.16446365105008076,0.35319983844911146,0.021420032310177705,48.0,619.0,0.18682196969696965,0.37003181818181813,0.05595075757575758,25.0,264.0,0.0488294930875576,-0.016379723502304145,0.0694147465437788,35.0,434.0,0.12253833865814696,0.3621268370607029,0.04113099041533547,51,626
65,S05E03,3.0,5.0,0.10460292616536239,0.06968642395372576,0.06778530112283089,324,2939,0.09718358531317496,0.058372786177105805,0.06710043196544276,96,926,0.13678849407783417,0.11734196277495772,0.05879695431472082,72.0,591.0,0.08892805755395683,0.16939232613908872,0.03722541966426859,39.0,417.0,0.07345148514851485,-0.13634950495049505,0.12496039603960395,47.0,505.0,,,,,,0.12483600000000002,0.15925200000000003,0.04741800000000001,70,500
66,S05E04,4.0,5.0,0.10763994743758214,0.1565100525624179,0.037143232588699095,347,3044,0.07411384615384617,-0.022237076923076925,0.06039692307692307,80,650,0.13124242424242422,0.2344260606060606,0.024421212121212125,32.0,330.0,0.11365063291139241,0.24009822784810128,0.015230379746835443,49.0,395.0,0.14776243980738357,0.27659101123595503,0.03403049759229535,61.0,623.0,0.08781381957773514,0.16166026871401148,0.030936660268714014,58.0,521.0,0.10185333333333334,0.11834304761904764,0.04268952380952381,67,525
67,S05E05,5.0,5.0,0.10102741789695699,-0.06693624585718588,0.08107020186803256,268,3319,0.09717862165963431,0.05024711673699016,0.05367791842475387,70,711,0.12013666228646516,0.08794691195795008,0.08488042049934297,43.0,761.0,0.05798222222222223,-0.07549422222222223,0.05474444444444445,46.0,450.0,0.13892792792792794,0.17785195195195191,0.05642642642642644,44.0,333.0,,,,,,0.09627537593984965,-0.32901033834586474,0.11549624060150375,65,1064
68,S05E06,6.0,5.0,0.11465214883184308,0.18487807903086245,0.05068243438130947,297,3467,0.11560097087378642,0.269583495145631,0.03834563106796117,79,1030,0.10458530805687204,0.18404052132701423,0.039357819905213275,75.0,844.0,0.14375490196078433,0.28371299019607843,0.03591421568627451,42.0,408.0,0.13015164835164836,0.07013802197802199,0.08382637362637364,33.0,455.0,0.0,0.0,0.0,3.0,93.0,0.11348351648351647,0.09466781789638931,0.07881946624803768,65,637
69,S05E07,7.0,5.0,0.12301713929573077,0.10056151449049552,0.049599563727017786,340,3209,0.10676777251184832,0.07380252764612955,0.05366824644549762,74,633,0.12305921052631581,0.07911008771929826,0.05444298245614034,55.0,456.0,0.13691616766467066,0.17427874251497005,0.02948802395209581,47.0,334.0,0.09959538461538461,0.10372446153846147,0.042195384615384614,63.0,650.0,0.12005500000000001,0.16033650000000002,0.033527499999999995,34.0,400.0,0.15295380434782607,0.06813328804347826,0.0675,67,736
70,S05E08,8.0,5.0,0.13043161313605198,0.11165994225911224,0.04976687116564416,291,2771,0.10514365411436542,-0.09641952580195251,0.07578940027894002,76,717,0.17765631469979293,0.3027660455486542,0.031503105590062114,51.0,483.0,0.09125609756097562,0.006710975609756092,0.06311788617886178,35.0,246.0,0.13607352941176473,0.2738466911764706,0.032875,27.0,272.0,0.14426285714285716,0.10369085714285715,0.058691428571428575,19.0,175.0,0.1315751708428246,0.15720205011389524,0.03827676537585421,83,878
71,S05E09,9.0,5.0,0.11946396044756696,0.09842040072859741,0.07467915690866507,370,3843,0.13949355116079104,-0.07708847807394668,0.10016766981943251,97,1163,0.12682409638554215,0.24552963855421692,0.06500963855421686,64.0,830.0,0.08853719008264462,0.09327327823691459,0.06317355371900828,29.0,363.0,0.13456910569105693,0.3069871544715448,0.04777235772357724,57.0,615.0,,,,,,0.08796559633027523,0.04752133027522937,0.07365481651376148,123,872
72,S05E10,10.0,5.0,0.1142456949569496,0.14736460639606394,0.04003628536285362,339,3252,0.11232676056338027,0.14931107981220657,0.04515680751173709,80,1065,0.11194230769230769,0.11849175824175823,0.03665934065934066,44.0,364.0,0.17543801652892563,0.32180633608815434,0.02022589531680441,37.0,363.0,0.1002997542997543,0.033284766584766576,0.05655282555282555,60.0,407.0,0.04074358974358974,0.006102564102564101,0.03330769230769231,35.0,312.0,0.12676653171390015,0.19543292847503377,0.03780161943319838,83,741
73,S05E11,11.0,5.0,0.11663024282560705,0.12654845474613682,0.0552019867549669,302,2718,0.08325740025740026,0.11062342342342343,0.05190733590733591,76,777,0.09655993150684933,0.07955256849315072,0.06009075342465753,60.0,584.0,0.14946606334841628,0.1639135746606335,0.06569683257918552,34.0,221.0,0.13251282051282048,0.1470778846153846,0.03677564102564103,38.0,312.0,0.031764705882352945,0.026242016806722696,0.012672268907563025,16.0,119.0,0.16703971631205675,0.17916255319148935,0.06682695035460992,78,705
74,S05E12,12.0,5.0,0.10966951219512196,0.1407378048780488,0.06068018292682926,357,3280,0.10109435897435898,0.16954071794871797,0.052414358974358984,94,975,0.15224761904761902,0.26449638095238104,0.041712380952380945,48.0,525.0,0.09930890052356021,0.0917842931937173,0.0458848167539267,56.0,382.0,0.11317819148936172,0.16339082446808512,0.06146675531914894,80.0,752.0,,,,,,0.09005108359133127,-0.0007342105263158066,0.09640402476780187,79,646
75,S05E13,13.0,5.0,0.09679726261762185,0.047641688052466505,0.06660250926717995,347,3507,0.11245330012453301,0.1210159402241594,0.06705479452054795,75,803,0.07891420400381316,-0.018401906577693045,0.07785795996186844,80.0,1049.0,0.12276822429906545,0.17477644859813082,0.05834953271028038,59.0,535.0,0.0946341463414634,0.004935191637630672,0.06618234610917538,92.0,861.0,,,,,,0.07423166023166022,-0.0330015444015444,0.03805791505791505,41,259
76,S05E14,14.0,5.0,0.1242815934065934,0.24376329670329663,0.04360219780219781,351,3640,0.12436135265700486,0.20485342995169087,0.05080772946859903,106,1035,0.11767097532314924,0.32714524089306707,0.042627497062279675,53.0,851.0,0.11893131868131872,0.22814313186813187,0.04943131868131868,33.0,364.0,0.14380222841225626,0.2474433147632312,0.03831058495821727,75.0,718.0,,,,,,0.11457142857142857,0.202628125,0.036235119047619044,84,672
77,S05E15,15.0,5.0,0.1040562827225131,0.0737339005235602,0.06545582460732985,304,3056,0.10094117647058823,0.04305564705882351,0.05689764705882352,77,850,0.08549842767295598,0.07365094339622644,0.0733490566037736,53.0,636.0,0.12177078085642316,0.07052594458438288,0.05155919395465995,36.0,397.0,0.07294849785407725,0.08822124463519314,0.06019742489270386,45.0,466.0,,,,,,0.13505233380480908,0.10294427157001418,0.0799137199434229,93,707
78,S05E16,16.0,5.0,0.10105856230918682,0.06426949764085484,0.06306272550652234,346,3603,0.128625,0.16692464285714287,0.05665238095238095,82,840,0.09001173020527858,0.12282199413489735,0.06649560117302052,57.0,682.0,0.1418392857142857,0.2381306547619048,0.03840178571428571,43.0,336.0,0.12433457249070634,0.2241163568773234,0.03447583643122677,36.0,269.0,,,,,,0.07694918699186992,-0.08991700542005422,0.07594850948509484,128,1476
79,S05E17,17.0,5.0,0.126214796394156,0.14437534970469382,0.05812278520360584,347,3217,0.1397812852311161,0.18578229988726042,0.06166967305524238,91,887,0.07167224080267559,0.053374916387959874,0.05732107023411371,25.0,299.0,0.0713734439834025,-0.00773692946058091,0.05156431535269709,24.0,241.0,0.1575699831365936,0.24958043844856662,0.04492411467116358,58.0,593.0,0.0,-0.11380714285714286,0.08810714285714284,10.0,56.0,0.1314434706397897,0.1261560911481157,0.06234881682734444,139,1141
80,S05E18,18.0,5.0,0.09726124775044996,0.10799200659868025,0.04256283743251349,730,6668,0.08998705780845558,0.06386574633304576,0.04635202761000863,149,1159,0.09666666666666664,0.1388240942028985,0.03023097826086957,100.0,1104.0,0.09884353741496599,0.1262112244897959,0.04024489795918367,72.0,588.0,0.11942475728155343,0.28314635922330095,0.020014563106796113,44.0,412.0,0.09474397031539893,0.09052036178107611,0.04162801484230055,247.0,2156.0,0.10082626100880704,0.08549087269815851,0.06008967173738992,118,1249
81,S05E20,20.0,5.0,0.14953647935423786,0.2229348028562558,0.0582682396771189,294,3221,0.1306418485237484,0.16449152759948657,0.06097946084724005,71,779,0.13999050632911392,0.34113623417721517,0.05396202531645569,54.0,632.0,0.13727845528455287,0.3083121951219513,0.03758130081300813,34.0,492.0,0.14770422535211267,0.042901408450704205,0.06581220657276995,26.0,213.0,0.0,-0.5245439999999999,0.28368000000000004,3.0,25.0,0.17815833333333336,0.20983518518518515,0.06155092592592592,106,1080
82,S05E21,21.0,5.0,0.1295211658570437,0.13862630117973643,0.05454927133934768,314,2882,0.09313595166163144,0.03546012084592144,0.07195317220543808,79,662,0.13068264248704664,0.14067603626943007,0.054063471502590665,67.0,772.0,0.13566037735849057,0.19308144654088044,0.053575471698113206,38.0,318.0,0.1688824884792627,0.2935882488479263,0.02346543778801843,48.0,434.0,,,,,,0.13549137931034486,0.11297025862068963,0.058362068965517225,82,696
83,S05E22,22.0,5.0,0.13003515263644774,0.21793641689793403,0.046493987049028684,299,3243,0.11701059001512859,0.22036717095310132,0.05429500756429651,65,661,0.1323085460599334,0.2800243063263041,0.049786903440621526,43.0,901.0,0.14559633027522936,0.23648532110091744,0.023155963302752294,24.0,218.0,0.09169201520912547,0.04520836501901141,0.0603764258555133,60.0,526.0,0.28002499999999997,0.6397525000000001,0.0,3.0,40.0,0.14936343366778151,0.23174994425863998,0.037042363433667784,104,897
84,S06E01,1.0,6.0,0.12283747870528114,0.07376960817717203,0.08161226575809202,296,2935,0.09686553323029368,0.13791823802163833,0.06975734157650695,67,647,0.10359631147540983,0.06930881147540983,0.06868032786885246,41.0,488.0,0.1379213836477987,0.02413144654088053,0.10499213836477989,42.0,636.0,0.19311267605633803,0.269405985915493,0.030591549295774643,39.0,284.0,,,,,,0.11902159090909091,0.0018171590909090935,0.0970681818181818,107,880
85,S06E02,2.0,6.0,0.13172251308900526,0.06725082024432812,0.07535392670157068,291,2865,0.09476783398184174,-0.12311595330739301,0.11959403372243839,89,771,0.16011708253358925,0.29474126679462576,0.04673128598848369,40.0,521.0,0.10870542635658914,0.016028682170542628,0.0906950904392765,27.0,387.0,0.15776842105263156,0.1513265789473684,0.07722894736842105,59.0,380.0,0.24380165289256198,0.3011702479338843,0.06359504132231406,13.0,121.0,0.13047737226277373,0.04947007299270072,0.0396992700729927,63,685
86,S06E03,3.0,6.0,0.12410972222222219,0.1263903819444445,0.061498958333333346,322,2880,0.1445807200929152,0.1603037166085946,0.05956329849012775,97,861,0.1031968503937008,0.15867244094488187,0.03809186351706037,36.0,381.0,0.14962155963302756,0.22495298165137617,0.049100917431192666,39.0,436.0,0.13725707547169813,0.13530872641509437,0.09759198113207548,53.0,424.0,,,,,,0.09023393316195373,0.012953984575835478,0.062381748071979444,97,778
87,S06E04,4.0,6.0,0.08266168395363024,0.05884734594264796,0.05781513117754729,318,3278,0.09419707207207209,0.034841891891891866,0.07058671171171171,91,888,0.054234800838574425,-0.07987798742138366,0.043324947589098536,39.0,477.0,0.10565302491103204,0.19400836298932378,0.06408362989323843,43.0,562.0,0.08590846047156725,0.1472085991678225,0.044833564493758665,69.0,721.0,0.06355066079295153,-0.012110132158590303,0.05599559471365638,30.0,227.0,0.06378411910669976,-0.030663275434243194,0.06233250620347394,46,403
88,S06E05,5.0,6.0,0.11696676441837736,0.11213202997719128,0.05623721081785597,331,3069,0.13818347107438012,0.1886824793388429,0.057846280991735534,77,605,0.12841493775933607,0.15443278008298758,0.05393983402489627,41.0,482.0,0.10513548387096772,0.19631935483870966,0.029879569892473114,37.0,465.0,0.14498574821852733,0.16281092636579575,0.04102375296912114,56.0,421.0,,,,,,0.09447718978102188,-0.003912591240875913,0.07338594890510948,120,1096
89,S06E06,6.0,6.0,0.10579843014128727,0.12955036106750392,0.06188948194662478,283,3185,0.10234718826405871,0.16046075794621031,0.051933985330073346,81,818,0.12488141025641027,0.13455272435897436,0.08500480769230769,42.0,624.0,0.11844362292051756,0.21765138632162664,0.058951940850277273,46.0,541.0,0.12973059360730593,0.1639408675799086,0.05364155251141553,44.0,438.0,,,,,,0.07123298429319372,0.010267801047120413,0.06047774869109948,70,764
90,S06E07,7.0,6.0,0.1309697853167241,0.1579445534057779,0.06115398886827462,391,3773,0.12033015267175574,0.06485143129770991,0.06326526717557251,133,1048,0.13934324659231723,0.22634522924411407,0.08052540272614621,68.0,807.0,0.17310859728506783,0.13278031674208146,0.07306787330316741,38.0,442.0,0.1362257281553398,0.23617985436893207,0.015509708737864078,51.0,412.0,,,,,,0.11555827067669172,0.17791813909774437,0.05710714285714285,101,1064
91,S06E08,8.0,6.0,0.08980919050517343,0.08652559342665853,0.047985392574558736,293,3286,0.09852184769038703,0.10799650436953806,0.050229712858926336,76,801,0.10289499999999997,0.17631216666666666,0.03826,54.0,600.0,0.07392948717948719,-0.004546634615384632,0.04550641025641025,46.0,624.0,0.09162867647058824,0.02038566176470588,0.0484485294117647,31.0,272.0,,,,,,0.08433265925176947,0.09031627906976743,0.05350455005055611,86,989
92,S06E09,9.0,6.0,0.13080192259043763,0.283097090817101,0.0328130533771819,325,3953,0.1029577594123049,0.23088484848484844,0.03391551882460973,92,1089,0.12866126855600543,0.3036770580296896,0.03027800269905533,45.0,741.0,0.12425882352941178,0.1953603921568628,0.03536470588235294,51.0,510.0,0.13649999999999998,0.2929119140625001,0.02902734375,44.0,512.0,,,,,,0.16016439600363308,0.3569662125340599,0.03400726612170754,93,1101
93,S06E10,10.0,6.0,0.13671992709599026,0.18826904617253945,0.051918590522478734,295,3292,0.09314838709677419,-0.042940903225806445,0.051376774193548386,62,775,0.15566093749999999,0.2920398437499999,0.0453953125,50.0,640.0,0.1456654676258993,0.2225161870503597,0.031050359712230215,30.0,278.0,0.2309198966408269,0.3191467700258398,0.06025064599483204,45.0,387.0,,,,,,0.12244884488448844,0.23167169966996704,0.05783580858085808,108,1212
94,S06E11,11.0,6.0,0.11337076193948234,0.10877057965730956,0.06145461173897192,314,2743,0.10665088757396451,0.07329041420118342,0.060745562130177524,74,845,0.12693131868131868,0.2387189560439561,0.04335164835164835,81.0,728.0,0.08714420062695924,0.016887460815047016,0.06087460815047022,41.0,319.0,0.1062531969309463,0.03291867007672634,0.10386445012787725,51.0,391.0,0.19805405405405405,0.26224864864864866,0.06010810810810811,5.0,37.0,0.12240661938534278,0.08198203309692673,0.055380614657210406,62,423
95,S06E12,12.0,6.0,0.14425741324921135,0.2012918927444795,0.05117003154574132,333,3170,0.16643891891891888,0.2786357837837839,0.04222162162162162,112,925,0.14155863808322827,0.20239936948297604,0.04921815889029003,72.0,793.0,0.1448465909090909,0.015438068181818188,0.10192897727272729,28.0,352.0,0.12430637254901959,0.2750860294117647,0.02061764705882353,42.0,408.0,0.1707709090909091,0.3990556363636364,0.05177818181818182,20.0,275.0,0.10172422062350121,-0.018117745803357316,0.061376498800959245,59,417
96,S06E13,13.0,6.0,0.1163104793756968,0.13738475473801565,0.06316220735785955,350,3588,0.11390066225165561,0.04368463576158941,0.08101854304635762,77,755,0.12309308885754583,0.10422947813822285,0.060502115655853325,93.0,709.0,0.12430133928571427,0.204021875,0.045904017857142855,42.0,448.0,0.07341308793456033,-0.04104948875255621,0.09657668711656442,41.0,489.0,0.12255999999999999,0.22054400000000002,0.04224,7.0,50.0,0.1287071240105541,0.267106508355321,0.04631310466138961,90,1137
97,S06E16,16.0,6.0,0.14455173674588662,0.12377297989031086,0.07357001828153567,297,2735,0.12658625336927223,-0.0018316711590296326,0.08504582210242588,91,742,0.1788252788104089,0.08939293680297396,0.1052732342007435,51.0,538.0,0.12628266033254154,0.09190095011876483,0.07119002375296912,38.0,421.0,0.14966523605150214,0.2718423462088698,0.0642145922746781,72.0,699.0,,,,,,0.14159104477611942,0.18828865671641792,0.019749253731343282,45,335
98,S06E17,17.0,6.0,0.1281108888253787,0.17876316090311534,0.05383766790511574,381,3499,0.1469151857835218,0.2907662358642972,0.05133037156704363,124,1238,0.11490021231422508,0.16251125265392782,0.04539065817409766,47.0,471.0,0.1262853717026379,0.025763788968824954,0.10575539568345323,48.0,417.0,0.07872064777327936,0.006376720647773284,0.05519433198380566,54.0,494.0,0.13210091743119268,0.1870284403669725,0.06743119266055045,9.0,109.0,0.1380688311688312,0.2009106493506493,0.03212467532467532,99,770
99,S06E18,18.0,6.0,0.11092635135135137,0.12060645270270266,0.04923412162162162,331,2960,0.10359072580645161,0.11584637096774193,0.02324798387096774,63,496,0.1282618384401114,0.08135013927576602,0.08553203342618382,41.0,359.0,0.12358942065491184,0.18564634760705287,0.05513350125944584,48.0,397.0,0.09278288100208769,0.10395052192066807,0.04847181628392484,47.0,479.0,0.11811308203991132,0.1340011086474501,0.023902439024390248,65.0,451.0,0.10814652956298201,0.11105681233933161,0.061195372750642664,67,778
100,S06E19,19.0,6.0,0.10866495412844035,0.17352444036697245,0.04579853211009174,303,2725,0.055518446601941746,0.04188893203883495,0.035219417475728154,67,515,0.11103769401330377,0.1327558758314856,0.07205764966740576,49.0,451.0,0.12379345955249571,0.19603872633390707,0.049783132530120476,67.0,581.0,0.08341777777777777,0.11345711111111112,0.023628888888888887,57.0,450.0,,,,,,0.14832417582417584,0.31106346153846154,0.047538461538461536,63,728
101,S06E20,20.0,6.0,0.11676486765211415,0.06422908215881748,0.06432966655207976,321,2909,0.06984452296819788,-0.12521283863368668,0.07604711425206125,88,849,0.15338353413654618,0.1502220883534137,0.0651144578313253,52.0,498.0,0.10424119241192413,0.18321734417344174,0.02926287262872629,37.0,369.0,0.13382342342342343,0.16974432432432435,0.05045585585585586,73.0,555.0,0.13452380952380952,0.08278398268398267,0.09621212121212122,23.0,231.0,0.14784766584766584,0.09188968058968061,0.07154299754299755,48,407
102,S06E21,21.0,6.0,0.11527225639365495,0.14575904823567498,0.05396309485270314,331,3089,0.11199763313609468,0.16105798816568045,0.04636804733727811,82,845,0.09139718804920913,0.13420386643233742,0.04231634446397189,54.0,569.0,0.1371951754385965,0.2697802631578947,0.03938377192982456,42.0,456.0,0.1708985507246377,0.2705149758454107,0.06900483091787439,51.0,414.0,0.0908274111675127,-0.03116649746192892,0.07948730964467005,47.0,394.0,0.09813625304136252,0.03664306569343067,0.06225790754257908,55,411
103,S06E22,22.0,6.0,0.10384078785391877,0.06123463274517849,0.07754944604021338,259,2437,0.06747524752475248,-0.003143168316831692,0.10174851485148514,57,505,0.1746,0.41041240506329113,0.030399999999999993,33.0,395.0,0.13792021276595745,0.13464893617021276,0.021611702127659577,31.0,188.0,0.07027238805970148,-0.07060373134328357,0.0833544776119403,30.0,268.0,0.03904587155963302,-0.22979816513761467,0.15970642201834864,15.0,109.0,0.10390946502057612,0.0075709876543209875,0.08414300411522635,93,972
104,S06E23,23.0,6.0,0.14844462864721486,0.09728577586206884,0.08291511936339521,299,3016,0.14608409986859397,0.05820486202365312,0.08965703022339025,84,761,0.14364417177914107,0.22539570552147242,0.04895092024539877,42.0,489.0,0.15273877551020404,0.0870097959183674,0.08075510204081632,52.0,735.0,0.17008381502890177,0.1264609826589595,0.11288728323699421,51.0,346.0,0.13619614147909967,-0.05469581993569131,0.11368167202572346,31.0,311.0,0.14125133689839572,0.12888823529411766,0.06453743315508022,39,374
105,S06E24,24.0,6.0,0.11087422118380061,0.07554084890965732,0.06347507788161995,239,2568,0.09974945533769063,-0.005933333333333329,0.06393899782135076,50,459,0.0823987341772152,0.0720354430379747,0.057006329113924045,16.0,158.0,0.13973286052009457,0.3082704491725768,0.038484633569739954,36.0,423.0,0.1326020942408377,0.24858141361256544,0.024005235602094242,39.0,382.0,0.06334632034632035,-0.15433203463203465,0.09158008658008658,15.0,231.0,0.11095846994535516,-0.004781530054644843,0.0852950819672131,83,915
106,S07E01,1.0,7.0,0.14299766990291266,0.15457312621359218,0.0636990291262136,312,2575,0.1323430769230769,0.14831953846153845,0.0562923076923077,84,650,0.20349426934097423,0.30583409742120343,0.045779369627507165,75.0,698.0,0.14282566585956416,0.26400677966101693,0.071,42.0,413.0,0.0860657894736842,-0.02638289473684211,0.0854263157894737,40.0,380.0,0.12308333333333334,0.05381215277777778,0.06456944444444444,44.0,288.0,0.08915753424657535,-0.1805568493150685,0.10342465753424658,27,146
107,S07E02,2.0,7.0,0.14454104120089425,0.061378664963270525,0.09285020760140532,308,3131,0.1631418636995827,0.08673045897079275,0.08926147426981922,94,719,0.11090918472652221,-0.06947182662538702,0.1206790505675955,67.0,969.0,0.08364435146443515,-0.137310460251046,0.10593305439330543,29.0,239.0,0.2112962264150943,0.24633509433962267,0.06434339622641509,58.0,530.0,0.13542622950819672,-0.00943497267759562,0.09323497267759562,22.0,183.0,0.14465784114052954,0.20595071283095728,0.06744399185336047,38,491
108,S07E03,3.0,7.0,0.10877867935086741,0.09345425293788473,0.0539787353105764,384,3574,0.0903428981348637,0.0974992826398852,0.05306599713055953,90,697,0.12145739910313899,0.1144947683109118,0.06382959641255605,60.0,669.0,0.15574691358024695,0.09548225308641972,0.07932098765432097,70.0,648.0,0.11394983277591973,0.11631371237458193,0.028237458193979933,42.0,299.0,0.07529824561403509,0.06337543859649122,0.0,10.0,57.0,0.08742857142857144,0.07407707641196012,0.0443421926910299,112,1204
109,S07E04,4.0,7.0,0.11195606694560671,0.10474342498505682,0.05575881649731021,340,3346,0.09988524590163936,0.07622901639344264,0.04675737704918032,65,610,0.0970950226244344,0.06779954751131222,0.07611764705882353,51.0,442.0,0.1295594262295082,0.16420122950819677,0.027809426229508195,51.0,488.0,0.08081566068515497,-0.04010603588907014,0.08324959216965742,65.0,613.0,,,,,,0.1324341994970662,0.18311751886001673,0.050125733445096396,108,1193
110,S07E05,5.0,7.0,0.10933045888512474,0.02187443794271636,0.08354511857098863,282,3247,0.09370811921891058,0.060962795477903405,0.06714388489208634,89,973,0.11218635170603677,-0.18061522309711284,0.1250131233595801,37.0,381.0,0.15709384164222875,0.21750000000000005,0.0452375366568915,28.0,341.0,0.07401495327102803,-0.047774205607476625,0.09004859813084112,49.0,535.0,,,,,,0.1257699115044248,0.03138210422812192,0.09312487708947885,79,1017
111,S07E06,6.0,7.0,0.1506060323383085,0.18447515547263685,0.061606654228855716,393,3216,0.13817521902377972,0.184970337922403,0.056120150187734676,96,799,0.16407651245551605,0.2341507117437722,0.04812633451957295,70.0,562.0,0.1982431693989071,0.17902595628415305,0.08408196721311476,51.0,366.0,0.12413128491620112,0.16108756983240222,0.06410055865921788,84.0,716.0,0.14744444444444443,0.10961515151515157,0.04392929292929293,19.0,198.0,0.15844695652173912,0.1936036521739131,0.07108173913043478,73,575
112,S07E07,7.0,7.0,0.10916666666666668,0.07070688105117562,0.07680982019363763,299,2892,0.11601639344262296,0.07464524590163935,0.0656377049180328,76,610,0.11873584905660377,0.10121169811320757,0.09034339622641509,65.0,530.0,0.10881666666666669,0.020861190476190467,0.07809285714285714,28.0,420.0,0.1296109422492401,0.147348632218845,0.04915805471124621,40.0,329.0,0.09704761904761906,0.18492380952380955,0.0,10.0,84.0,0.09305005440696408,0.03540315560391732,0.09275408052230685,80,919
113,S07E08,8.0,7.0,0.1109939112786315,0.06389173673528557,0.0731962887793563,354,3449,0.08768354430379748,-0.004907825086306068,0.07036823935558113,106,869,0.10784921763869132,0.06433328591749646,0.08196728307254625,60.0,703.0,0.11134673366834172,0.07599045226130652,0.09202680067001676,52.0,597.0,0.15590143737166326,0.22432032854209447,0.05578234086242301,58.0,487.0,0.15363934426229506,0.13178442622950817,0.07553688524590163,35.0,244.0,0.09274499089253185,-0.0134143897996357,0.06037158469945355,43,549
114,S07E09,9.0,7.0,0.0966992894056848,0.07883452842377257,0.05090697674418606,325,3096,0.09972645161290322,0.11984980645161292,0.04515225806451613,70,775,0.0713518776077886,-0.06195980528511822,0.0886203059805285,72.0,719.0,0.0821198347107438,0.0857578512396694,0.04111157024793388,22.0,242.0,0.12461465721040188,0.19970118203309697,0.024593380614657212,46.0,423.0,0.09310245901639345,0.03998114754098362,0.04790163934426229,34.0,244.0,0.10893073593073593,0.1165292929292929,0.03875468975468976,81,693
115,S07E10,10.0,7.0,0.13187609511889858,0.16245234668335415,0.05439205256570711,350,3196,0.10466850828729282,0.07340966850828728,0.047182320441988945,56,362,0.10408034610630412,0.07612336217552533,0.0641310259579728,80.0,809.0,0.18885494505494507,0.355801758241758,0.03939230769230769,71.0,910.0,0.08054277286135694,0.00978879056047198,0.07547787610619469,31.0,339.0,,,,,,0.1291533505154639,0.13394536082474226,0.05598067010309278,112,776
116,S07E11,11.0,7.0,0.11918966666666671,0.1064824333333333,0.06391533333333332,295,3000,0.10573026315789474,0.11045789473684213,0.052429276315789475,61,608,0.08972727272727271,0.032808747855917676,0.055210977701543734,55.0,583.0,0.15341160220994474,0.2249743093922652,0.031707182320441986,37.0,362.0,0.15472103004291848,0.19336995708154506,0.08088197424892703,32.0,466.0,0.1027108695652174,0.01599326086956522,0.08739130434782609,46.0,460.0,0.1268560460652591,0.10413320537428021,0.07353550863723608,64,521
117,S07E12,12.0,7.0,0.12150368271954674,0.09661869688385262,0.06788980169971671,345,3530,0.11326212121212119,0.03894015151515151,0.0816848484848485,69,660,0.09354075546719681,0.2061502982107356,0.050986083499005956,41.0,503.0,0.11712244897959186,0.1081557142857143,0.06267755102040817,57.0,490.0,0.18042603550295858,0.26139260355029587,0.04624556213017752,36.0,338.0,0.07785106382978722,-0.09988510638297875,0.08963829787234043,6.0,47.0,0.1240422252010724,0.050279825737265416,0.07341621983914211,136,1492
118,S07E13,13.0,7.0,0.13317031843412214,0.12662649722465666,0.06702103418054342,345,3423,0.12154545454545453,0.2286375831485587,0.0436829268292683,75,902,0.14247906197654941,0.16192713567839195,0.05855108877721944,57.0,597.0,0.1532604340567613,0.11606126878130218,0.0716661101836394,62.0,599.0,0.12973705179282866,0.002738844621513971,0.08862749003984062,61.0,502.0,0.10380835380835382,-0.04237542997542998,0.11803439803439804,29.0,407.0,0.1489591346153846,0.18483677884615377,0.04710817307692308,61,416
119,S07E14,14.0,7.0,0.13853716951788492,0.19698883359253494,0.04691290824261273,372,3215,0.1590516014234875,0.131379359430605,0.06272597864768684,88,562,0.18042752740560292,0.45204092570036536,0.025780755176613886,70.0,821.0,0.1525,0.3062926470588235,0.04225294117647059,36.0,340.0,0.1625823754789272,0.19385593869731796,0.0453256704980843,36.0,261.0,0.09940137221269299,0.11212521440823328,0.04202572898799314,72.0,583.0,0.08587037037037036,-0.048991666666666656,0.0674537037037037,70,648
120,S07E15,15.0,7.0,0.11900674536256325,0.17557015177065763,0.05418634064080947,266,2372,0.1432874251497006,0.2185550898203593,0.0,27,167,0.13950418410041843,0.34968138075313804,0.027048117154811712,44.0,478.0,0.20715789473684212,0.2948631578947369,0.0,4.0,19.0,0.14016817359855333,0.09276925858951175,0.0692983725135624,64.0,553.0,0.07931460674157303,0.009576853932584268,0.06957303370786518,60.0,445.0,0.10553239436619719,0.21357816901408452,0.06523802816901408,67,710
121,S07E16,16.0,7.0,0.0873746890547264,0.020666480099502463,0.061755907960198995,314,3216,0.08385788923719956,-0.1014998955067921,0.08901044932079415,75,957,0.14467226890756302,0.18201204481792715,0.06684873949579832,36.0,357.0,0.11505194805194807,0.003447186147186156,0.10193506493506493,25.0,231.0,0.11390126050420168,0.14413802521008404,0.04709873949579832,55.0,476.0,0.05580906593406591,0.0313581043956044,0.03560989010989011,87.0,728.0,0.05925910064239828,0.013674089935760168,0.037835117773019275,36,467
122,S07E17,17.0,7.0,0.10012457382638343,0.12615809074219775,0.04929451875163914,313,3813,0.10026496565260057,0.11697850834151127,0.05946025515210992,75,1019,0.09095238095238094,0.09185606060606061,0.04704329004329005,39.0,462.0,0.14778619153674832,0.2651173719376392,0.019151447661469933,33.0,449.0,0.08582894736842105,0.16239718045112783,0.05257894736842106,44.0,532.0,0.06448776758409785,0.0196446483180428,0.047211009174311924,53.0,654.0,0.11964562410329986,0.14508120516499284,0.05479053084648495,69,697
123,S07E18,18.0,7.0,0.12558618484170136,0.09234924848097219,0.06559098177166613,389,3127,0.10045258620689655,0.0575197198275862,0.059317887931034485,137,928,0.1653862595419847,0.20132778625954198,0.04425648854961832,78.0,655.0,0.11542619542619544,0.11802827442827442,0.05572349272349272,45.0,481.0,0.1304176245210728,0.04210842911877394,0.08220689655172414,33.0,261.0,0.06339622641509433,0.14367547169811323,0.040603773584905654,9.0,53.0,0.13116288384512687,0.037585313751668875,0.0943351134846462,87,749
124,S07E19,19.0,7.0,0.1098912483912484,0.09998722651222648,0.05149066924066923,355,3108,0.06124930747922437,-0.013065373961218835,0.05680609418282548,73,722,0.10847245762711863,0.03798495762711863,0.07620338983050846,38.0,472.0,0.1160764587525151,0.17064627766599597,0.04014688128772636,53.0,497.0,0.14679176201373,0.2014304347826087,0.03313729977116705,68.0,437.0,0.16388461538461538,0.21153076923076922,0.15625,8.0,52.0,0.12474245689655172,0.12761713362068966,0.04363362068965518,115,928
125,S07E20,20.0,7.0,0.10114359682430095,0.055294546082153964,0.0670503969623749,296,2897,0.05351437699680511,-0.06282923322683709,0.06993130990415335,71,626,0.10074956217162871,0.15257127845884413,0.05530823117338003,48.0,571.0,0.12922191011235953,0.24909522471910114,0.021727528089887642,40.0,356.0,0.0796219512195122,-0.009485975609756099,0.10024085365853658,54.0,328.0,0.15398360655737706,0.15789890710382512,0.06219672131147542,14.0,183.0,0.1220732292917167,-0.0024739495798319668,0.08030132052821129,69,833
126,S07E21,21.0,7.0,0.10368752221827232,0.13574486313544262,0.05333842872378244,267,2813,0.08429824561403508,-0.017549999999999986,0.06983333333333333,65,570,0.1022556237218814,0.14627382413087933,0.0514478527607362,46.0,489.0,0.09844907407407406,0.08628842592592595,0.06541666666666666,26.0,216.0,0.14713043478260868,0.23850434782608695,0.06399665551839466,32.0,299.0,0.028791304347826088,-0.03917608695652173,0.0635304347826087,23.0,230.0,0.12065510406342915,0.23725004955401385,0.03686917740336967,75,1009
127,S07E22,22.0,7.0,0.12562013566583363,0.1828155658693324,0.059804712602641925,261,2801,0.13447368421052633,0.14852255639097744,0.041684210526315796,51,399,0.1195021645021645,0.12063116883116883,0.05773160173160173,19.0,231.0,0.134589010989011,0.02679890109890109,0.09664395604395604,47.0,455.0,0.10299579831932772,0.06363025210084035,0.06054621848739495,34.0,238.0,0.10973043478260869,0.06985420289855072,0.06996231884057971,35.0,345.0,0.12973874669020302,0.32965834068843786,0.0485657546337158,75,1133
128,S07E23,23.0,7.0,0.10055078809106831,0.15403359603035605,0.04338616462346761,309,3426,0.07419178082191781,0.019061232876712325,0.05182602739726026,81,730,0.1386205211726384,0.43107182410423456,0.03546742671009771,39.0,614.0,0.07413090128755365,0.04043197424892705,0.03199141630901287,41.0,466.0,0.12259402985074626,0.21976716417910452,0.05171044776119403,56.0,670.0,0.08990588235294118,0.30904470588235294,0.022976470588235296,6.0,85.0,0.09394773519163765,0.06593751451800232,0.04358188153310104,86,861
129,S07E24,24.0,7.0,0.12278264094955496,0.10267054896142433,0.07258160237388726,332,2696,0.12432635983263597,0.07765536959553695,0.07455509065550905,84,717,0.1322063758389262,0.20362785234899328,0.05553691275167785,77.0,596.0,0.12609132420091326,0.01922785388127853,0.11207762557077625,59.0,438.0,0.091,0.013334210526315777,0.08226842105263157,20.0,190.0,0.09607389162561576,0.03959162561576354,0.09399014778325124,26.0,203.0,0.12873913043478263,0.14631576086956527,0.045875,66,552
130,S08E01,1.0,8.0,0.10466544117647063,0.054535661764705846,0.07218750000000002,315,2720,0.0875204755614267,0.04146869220607662,0.07428269484808453,92,757,0.15115226337448562,0.18788600823045268,0.05083539094650205,65.0,486.0,0.0823418013856813,-0.08282748267898384,0.09325635103926097,37.0,433.0,0.08721758241758241,-0.024105714285714293,0.07688571428571428,52.0,455.0,,,,,,0.11823259762309,0.12303056027164687,0.0679949066213922,69,589
131,S08E02,2.0,8.0,0.1199721553798556,0.08589223100721897,0.06844448264008247,306,2909,0.09246345811051693,0.11413511586452763,0.029675579322638146,69,561,0.10432857142857144,-0.14523301587301585,0.113984126984127,47.0,630.0,0.1257359050445104,0.12172759643916911,0.03862908011869436,47.0,337.0,0.1574921052631579,0.2752123684210527,0.06463421052631578,40.0,380.0,0.1263738019169329,0.16552619808306712,0.09870287539936103,27.0,313.0,0.13026889534883723,0.11615537790697669,0.061299418604651164,76,688
132,S08E03,3.0,8.0,0.12322716627634665,0.171166443626631,0.05111642689862832,302,2989,0.09758955223880596,0.13527089552238808,0.04699875621890548,89,804,0.15626788990825688,0.26261376146788995,0.05277614678899081,41.0,545.0,0.09847480106100798,0.12780185676392578,0.0433448275862069,38.0,377.0,0.1321140350877193,0.20060842105263155,0.04408421052631579,50.0,570.0,,,,,,0.1331428571428571,0.14026854256854254,0.0646002886002886,84,693
133,S08E04,4.0,8.0,0.11415913555992147,-0.007676850032743931,0.10380975769482645,324,3054,0.08500497512437809,-0.16195671641791046,0.1276407960199005,95,1005,0.14395211267605632,0.09460985915492957,0.10891830985915492,48.0,355.0,0.1288469387755102,0.016464285714285737,0.09867517006802723,61.0,588.0,0.1583627760252366,0.17680252365930596,0.09028864353312305,57.0,634.0,0.06798666666666667,-0.03339733333333333,0.06633333333333333,7.0,75.0,0.07769773299748112,-0.03409093198992442,0.07519143576826198,56,397
134,S08E05,5.0,8.0,0.12004299065420564,0.11003940186915882,0.06290841121495329,325,2675,0.08560822510822509,0.003435714285714284,0.06764502164502165,74,462,0.13202995391705064,0.148513133640553,0.04370506912442397,55.0,434.0,0.14239490445859876,0.17790127388535032,0.0783036093418259,44.0,471.0,0.12136947791164657,0.09296184738955823,0.06983333333333333,53.0,498.0,0.16616722408026757,0.23615785953177257,0.06431772575250837,24.0,299.0,0.09211154598825833,0.054042465753424675,0.05317221135029354,75,511
135,S08E06,6.0,8.0,0.10479777008842751,0.005994271434063792,0.08596962706651291,271,2601,0.09982658959537573,0.06165703275529865,0.07311175337186898,76,519,0.07595238095238095,-0.13485119047619043,0.11086904761904763,34.0,336.0,0.0996578947368421,-0.014616959064327466,0.06923684210526317,31.0,342.0,0.15829526462395546,0.14668356545961003,0.07728133704735377,35.0,359.0,0.048493288590604026,-0.23362214765100675,0.10241946308724832,21.0,298.0,0.120330655957162,0.0680858099062918,0.0889772423025435,74,747
136,S08E07,7.0,8.0,0.13955555555555557,0.17798290598290595,0.04491514041514041,357,3276,0.12010499999999999,0.099099125,0.07235125,104,800,0.10897951582867785,0.07881527001862199,0.04966480446927375,44.0,537.0,0.1871050080775444,0.34048190630048464,0.025822294022617126,52.0,619.0,0.12025979381443296,0.19373628865979384,0.028313402061855675,57.0,485.0,,,,,,0.15381317365269465,0.18772275449101794,0.03937125748502994,100,835
137,S08E08,8.0,8.0,0.10392142377434514,0.06940762256548023,0.06423908663532571,319,2978,0.0774143222506394,0.013012020460358065,0.05922634271099745,80,782,0.09521161048689139,0.04794082397003747,0.05463483146067415,51.0,534.0,0.12318849206349206,0.037846626984126996,0.10056547619047619,46.0,504.0,0.11083505154639176,0.1517424742268041,0.04471752577319588,52.0,485.0,0.2408279569892473,0.3038537634408603,0.017526881720430106,14.0,93.0,0.10320344827586209,0.08619293103448275,0.07208793103448277,76,580
138,S08E09,9.0,8.0,0.11195933263816482,0.0729318387208898,0.06702050747306225,309,2877,0.10668938401048494,-0.008835124508519008,0.07434731323722149,85,763,0.12649384885764495,0.1947137082601054,0.03534797891036907,59.0,569.0,0.08860815047021943,0.06125423197492163,0.05165517241379311,36.0,319.0,0.14562915601023016,0.1815324808184143,0.060212276214833764,39.0,391.0,,,,,,0.10002514970059881,0.018269101796407172,0.09096646706586828,90,835
139,S08E10,10.0,8.0,0.09418330560177485,-0.01566608430393789,0.07203549639489736,301,3606,0.08387956204379564,-0.022460462287104625,0.0648661800486618,83,822,0.09160372670807454,-0.1331463354037267,0.07360745341614906,46.0,805.0,0.07765237020316025,-0.15762641083521442,0.10464108352144469,33.0,443.0,0.13636504854368933,0.30644233009708743,0.05064466019417476,33.0,515.0,0.059569915254237285,-0.008270762711864393,0.05202330508474577,34.0,472.0,0.11692167577413476,-0.02719872495446267,0.09142622950819675,72,549
140,S08E11,11.0,8.0,0.11738426527958397,0.10095546163849152,0.0645536410923277,345,3076,0.07992389649923895,0.04626286149162861,0.07106240487062405,95,657,0.1498875192604006,0.13352526964560865,0.08427272727272728,53.0,649.0,0.1525627705627705,0.07902857142857143,0.04482900432900432,52.0,462.0,0.08820918367346937,0.08923316326530611,0.051005102040816326,39.0,392.0,0.10297183098591549,0.2837098591549296,0.0,6.0,71.0,0.11705798816568046,0.12053538461538459,0.0668414201183432,100,845
141,S08E12,12.0,8.0,0.1098195466588166,0.12917842213717984,0.04843420665292904,362,3397,0.12270101010101007,0.11463999999999999,0.04221616161616162,60,495,0.07925102040816327,0.09688918367346941,0.05595714285714286,57.0,490.0,0.1442699029126214,0.1597044660194175,0.05504660194174757,50.0,515.0,0.14673863636363635,0.1853025,0.05064545454545455,52.0,440.0,0.07208920187793427,0.08475176056338027,0.04215023474178404,90.0,852.0,0.12099669421487606,0.1629871074380165,0.049041322314049576,53,605
142,S08E13,13.0,8.0,0.11485195246179968,0.07837898132427838,0.06862105263157897,286,2945,0.11065296052631579,0.11623190789473688,0.059350328947368435,61,608,0.16750704225352114,0.13765030181086516,0.08864185110663984,35.0,497.0,0.11859633027522934,0.13250550458715596,0.037833027522935776,46.0,545.0,0.08446640316205534,-0.03952964426877471,0.09171343873517786,64.0,506.0,,,,,,0.10182002534854245,0.050103168567807346,0.06961089987325728,80,789
143,S08E14,14.0,8.0,0.11195801418439719,0.15261443971631203,0.05468879432624113,301,3525,0.13812361623616234,0.2686654981549816,0.06386346863468635,51,542,0.10418470418470417,0.15393520923520926,0.039246753246753245,54.0,693.0,0.10672647427854454,0.16935056461731496,0.06022082810539524,49.0,797.0,0.10889613034623219,0.03838696537678206,0.06895519348268839,42.0,491.0,0.19229113924050634,0.23575569620253162,0.07132911392405063,11.0,79.0,0.10169989165763817,0.12267280606717225,0.047105092091007585,94,923
144,S08E15,15.0,8.0,0.11023669849931787,0.11351108458390177,0.0603281036834925,295,2932,0.06611554621848739,0.015257142857142861,0.05730252100840336,70,476,0.11666040955631399,0.15326194539249147,0.0416740614334471,54.0,586.0,0.10354796320630749,0.1446988173455979,0.06838107752956636,59.0,761.0,0.10502658486707565,0.04705766871165645,0.06400613496932514,55.0,489.0,,,,,,0.15035806451612904,0.1655058064516129,0.06749677419354838,57,620
145,S08E16,16.0,8.0,0.12005425219941349,0.17387199413489726,0.04794978005865102,297,2728,0.13047242206235013,0.1838705035971223,0.06268585131894484,91,834,0.0734052757793765,0.26330479616306957,0.034681055155875294,34.0,417.0,0.15627067669172934,0.3515048872180451,0.014398496240601506,42.0,532.0,0.12157276119402988,0.05214850746268655,0.07563805970149251,62.0,536.0,0.0775,-0.02109642857142857,0.0955357142857143,4.0,28.0,0.0987270341207349,-0.008359055118110211,0.03461417322834645,64,381
146,S08E17,17.0,8.0,0.1029758544998432,0.09838454060834115,0.05170366886171215,387,3189,0.07986509040333799,0.06919276773296244,0.034442280945758,103,719,0.10907834101382488,0.1682324884792627,0.03069585253456221,42.0,434.0,0.09613567839195979,0.027380904522613058,0.05457035175879396,45.0,398.0,0.10590691489361702,-0.020748936170212774,0.12581382978723404,41.0,376.0,0.10284230769230768,0.16814115384615388,0.029450000000000004,26.0,260.0,0.1185678642714571,0.14388532934131731,0.05001497005988024,130,1002
147,S08E18,18.0,8.0,0.09484677716390422,0.02377731123388578,0.07426003683241254,281,2715,0.09002676399026767,0.07258272506082726,0.06519951338199514,58,411,0.10228146453089247,0.06953157894736843,0.07277574370709383,44.0,437.0,0.0860360110803324,-0.04271689750692521,0.10243213296398893,39.0,361.0,0.12642379958246344,0.10932546972860128,0.06522338204592902,54.0,479.0,,,,,,0.08198149951314508,-0.03175024342745862,0.07282960077896786,86,1027
148,S08E19,19.0,8.0,0.10191744102930664,0.1325047176554682,0.04761865618298787,294,2798,0.11774961119751168,0.12624292379471228,0.04824727838258165,80,643,0.09057564575645756,0.10230996309963097,0.03257564575645757,32.0,271.0,0.09558571428571429,0.10712514285714284,0.03684571428571429,39.0,350.0,0.08099427480916033,0.2390270992366412,0.03872328244274809,36.0,524.0,,,,,,0.10793069306930693,0.0981227722772277,0.05960297029702972,107,1010
149,S08E20,20.0,8.0,0.10677074450639551,0.06470590357494263,0.06945326336503772,305,3049,0.13586499999999999,0.08425366666666667,0.08086666666666667,90,600,0.08476240208877284,-0.09937284595300264,0.09541775456919059,37.0,383.0,0.11991310541310546,0.19800683760683768,0.04307122507122507,55.0,702.0,0.07882733812949641,-0.0966611510791367,0.08247841726618706,30.0,278.0,0.1338421052631579,0.1534178947368421,0.05324736842105263,13.0,190.0,0.089328125,0.048568638392857126,0.07077678571428572,80,896
150,S08E21,21.0,8.0,0.1054955074875208,0.10926099833610654,0.05230549084858569,287,3005,0.0873022312373225,0.0728235294117647,0.05046247464503042,56,493,0.09959780219780222,0.09572835164835164,0.029683516483516484,40.0,455.0,0.11510992366412212,0.14523862595419848,0.0649648854961832,62.0,655.0,0.10495000000000002,0.09275300000000003,0.06556000000000001,38.0,400.0,0.07294736842105264,0.11633947368421052,0.0,3.0,38.0,0.11256016597510375,0.11640819502074691,0.05188589211618257,88,964
151,S08E22,22.0,8.0,0.10306336489439183,0.06823139111434816,0.06341988346686091,328,2746,0.11812141652613829,0.1245772344013491,0.057247892074198975,100,593,0.07577815699658703,0.05536109215017064,0.042228668941979526,59.0,586.0,0.12000416666666666,0.10125208333333334,0.062085416666666664,49.0,480.0,0.08917469879518072,-0.08701506024096385,0.09242469879518074,35.0,332.0,,,,,,0.10775099337748344,0.0812390728476821,0.07280927152317881,85,755
152,S09E01,1.0,9.0,0.12238714390065737,0.04930043827611395,0.08710737764791818,312,2738,0.09901005747126437,-0.07748290229885056,0.10662068965517241,89,696,0.16443973941368079,0.15975684039087948,0.08327361563517914,64.0,614.0,0.10575174013921115,0.1280997679814385,0.05117633410672855,45.0,431.0,0.08980906148867315,-0.01599611650485438,0.08240776699029127,30.0,309.0,0.12039285714285716,0.011947222222222236,0.10440079365079365,31.0,252.0,0.1411697247706422,0.08610802752293577,0.09021100917431195,53,436
153,S09E02,2.0,9.0,0.12185966016362497,0.1295723096286972,0.06559880427942102,372,3178,0.12620202020202018,0.15183555555555556,0.06070606060606061,117,990,0.1488792372881356,0.1846432203389831,0.06568220338983051,54.0,472.0,0.09701010101010103,0.003991245791245779,0.052865319865319865,54.0,594.0,0.14329297820823242,0.2062213075060533,0.08730266343825667,52.0,413.0,0.19621739130434782,0.16027499999999997,0.060880434782608704,13.0,92.0,0.09271150729335494,0.11673662884927066,0.07182009724473258,82,617
154,S09E03,3.0,9.0,0.12331883116883115,0.15919967532467522,0.05779253246753248,307,3080,0.13281451612903233,0.06352548387096775,0.08793064516129034,77,620,0.13597251908396943,0.24926106870229,0.05550992366412214,58.0,655.0,0.10634080717488789,0.11946771300448428,0.029477578475336323,36.0,446.0,0.1488605504587156,0.2936355963302752,0.03956697247706423,52.0,545.0,0.08069248291571754,0.03658246013667425,0.06513895216400911,41.0,439.0,0.11849066666666667,0.15549199999999996,0.06351466666666666,43,375
155,S09E04,4.0,9.0,0.10266141192597669,0.07722200137080194,0.06963433858807402,303,2918,0.08486587183308494,-0.0024011922503725785,0.08580327868852458,89,671,0.13879317269076308,0.26765180722891563,0.031993975903614455,44.0,498.0,0.09716842105263154,0.11224240601503759,0.05584812030075188,53.0,665.0,0.12211387163561079,0.030584472049689466,0.09654037267080745,42.0,483.0,0.07356462585034014,-0.026867346938775512,0.10744217687074828,18.0,147.0,0.08610132158590311,0.01804052863436124,0.06635242290748898,57,454
156,S09E05,5.0,9.0,0.11434813384813383,0.11948754826254823,0.0660720720720721,321,3108,0.0968809869375907,0.06358432510885344,0.0659433962264151,77,689,0.08592248062015502,0.04806666666666667,0.07450581395348838,57.0,516.0,0.12898452012383904,0.05699613003095977,0.08227708978328176,59.0,646.0,0.1834681818181818,0.31631999999999993,0.031240909090909087,23.0,220.0,0.1261529175050302,0.2593513078470825,0.05123340040241448,48.0,497.0,0.10726296296296296,0.12490333333333334,0.0666388888888889,57,540
157,S09E06,6.0,9.0,0.10924194043598401,0.12668194657660423,0.0568044212465459,298,3257,0.10323520000000001,0.08764448000000001,0.05296320000000001,68,625,0.11350105263157896,0.1597471578947368,0.04392842105263157,49.0,475.0,0.12915523059617548,0.19387604049493817,0.04909898762654667,58.0,889.0,0.11167567567567566,0.14524407484407484,0.05874012474012474,47.0,481.0,0.03133720930232558,-0.11103837209302324,0.11445348837209303,12.0,86.0,0.09434522111269616,0.07029457917261056,0.07032524964336662,64,701
158,S09E07,7.0,9.0,0.1028086929905112,0.02612506887052343,0.08374747474747475,344,3267,0.08351701782820097,0.002591247974068071,0.0742771474878444,81,617,0.08680371660859466,-0.044294657375145166,0.08945993031358886,75.0,861.0,0.1327935779816514,0.1782598623853211,0.0629415137614679,81.0,872.0,0.10701702127659576,-0.012893829787234032,0.11121063829787232,61.0,470.0,,,,,,0.09734675615212526,-0.061505592841163324,0.09752796420581655,46,447
159,S09E08,8.0,9.0,0.11521993911719937,0.08010096397767631,0.07358701166920341,438,3942,0.11524304715840389,0.06875671100362757,0.07241233373639662,100,827,0.13507750952986025,0.10967039390088945,0.07738500635324015,67.0,787.0,0.17275465313028768,0.2428338409475466,0.08829780033840946,51.0,591.0,0.07168918918918918,-0.0028583538083538033,0.06616461916461916,79.0,814.0,0.1865438596491228,0.2042657894736842,0.06357894736842104,15.0,114.0,0.08759703337453646,0.01002620519159457,0.06922496909765141,126,809
160,S09E09,9.0,9.0,0.11904753673292996,0.08197046960530106,0.0677196773264189,318,3471,0.09900830564784054,0.026878073089700995,0.07814617940199335,67,602,0.1439891008174387,0.15624482288828345,0.06131743869209809,62.0,734.0,0.1456724470134875,0.1816462427745665,0.048462427745664734,41.0,519.0,0.13135283363802558,0.15833144424131626,0.06359414990859232,45.0,547.0,0.03535233160621762,0.012643523316062185,0.06458031088082902,22.0,193.0,0.10690182648401828,-0.03386609589041098,0.0805958904109589,81,876
161,S09E10,10.0,9.0,0.11981268094962366,0.11528372900984367,0.0665156340474812,365,3454,0.124791586998088,0.09755793499043976,0.06323326959847037,71,523,0.13434393063583816,0.16393786127167628,0.07399566473988439,66.0,692.0,0.14176872964169382,0.2094623778501629,0.0638241042345277,51.0,614.0,0.0928096885813149,0.023636851211072653,0.07317647058823529,54.0,578.0,0.09903513513513515,-0.00803567567567568,0.09184864864864864,30.0,370.0,0.11561004431314621,0.13947326440177246,0.04431462333825701,93,677
162,S09E11,11.0,9.0,0.09018497843187008,0.07722156812991623,0.06420197919309821,352,3941,0.07939424280350439,0.07109011264080102,0.056418022528160194,71,799,0.07522239146991622,-0.008168012185833958,0.07834881949733435,76.0,1313.0,0.13477988614800762,0.1772400379506642,0.09302277039848196,37.0,527.0,0.10440880503144653,0.17446949685534593,0.053896226415094346,40.0,318.0,0.09702647058823528,0.1142329411764706,0.051535294117647054,37.0,340.0,0.08695031055900619,0.10951521739130435,0.0332080745341615,91,644
163,S09E12,12.0,9.0,0.12473911552965371,0.17703229345217691,0.04411655810764484,332,2917,0.10063974151857835,0.08062827140549271,0.05211308562197092,84,619,0.10415533980582524,0.1345371359223301,0.04738106796116504,45.0,412.0,0.1460521327014218,0.23424360189573457,0.03648815165876777,58.0,633.0,0.146,0.28780407407407405,0.032318518518518524,57.0,540.0,0.0866070287539936,0.0999511182108626,0.040635782747603835,36.0,313.0,0.15064249999999998,0.19022475,0.059102499999999995,52,400
164,S09E13,13.0,9.0,0.12641193455245428,0.17851976259223623,0.061188642925890276,275,3117,0.08943246445497631,-0.0740644549763033,0.10135545023696682,89,844,0.09756464379947229,0.0394245382585752,0.052052770448548814,47.0,379.0,0.14476849642004774,0.2673317422434368,0.057169451073985675,32.0,419.0,0.16371884498480244,0.32627781155015195,0.02423252279635258,52.0,658.0,0.2905,0.59765,0.040999999999999995,2.0,34.0,0.1319361430395913,0.32821417624521076,0.05639846743295019,53,783
165,S09E14,14.0,9.0,0.08219915611814346,0.015491054852320673,0.07276371308016878,338,3555,0.06956443556443556,-0.04934525474525476,0.07903996003996007,102,1001,0.07215229885057471,0.030873994252873568,0.06845689655172416,60.0,696.0,0.11751223776223776,0.103456993006993,0.06721853146853146,40.0,572.0,0.089797583081571,0.11905785498489425,0.039666163141993956,68.0,662.0,,,,,,0.0732419871794872,-0.08816778846153844,0.10769551282051279,68,624
166,S09E15,15.0,9.0,0.09124220305242203,0.0872333443928334,0.04888885202388851,341,3014,0.07714827018121911,0.12907940691927514,0.03301976935749588,65,607,0.08024884792626728,-0.01903502304147466,0.07523348694316437,58.0,651.0,0.1402737819025522,0.25826125290023205,0.012290023201856147,38.0,431.0,0.11057142857142858,0.08105525210084033,0.08122689075630253,65.0,476.0,0.08719839142091153,0.11200536193029492,0.03924664879356568,41.0,373.0,0.06369327731092438,0.011115546218487397,0.041451680672268905,74,476
167,S09E16,16.0,9.0,0.1059325640100974,0.021662567616300036,0.08401767039307609,287,2773,0.07898615384615384,-0.026891846153846155,0.07956615384615386,67,650,0.09009401709401708,0.027382478632478623,0.07287037037037038,56.0,702.0,0.16878964401294497,0.3488922330097088,0.05261165048543689,30.0,309.0,0.1634342105263158,0.05362335526315791,0.08020065789473685,44.0,304.0,0.12439166666666665,-0.036034166666666693,0.12396666666666668,21.0,120.0,0.09069331395348838,-0.08932790697674417,0.10842151162790699,69,688
168,S09E17,17.0,9.0,0.0975959661678595,0.04797888744307092,0.07131620039037086,301,3074,0.09367846607669618,-0.054253687315634215,0.10196607669616518,76,678,0.08359766763848397,0.02576180758017493,0.04552478134110788,36.0,343.0,0.0916367432150313,0.2301110647181628,0.029160751565762005,37.0,479.0,0.1387985436893204,0.05151747572815534,0.09603883495145632,36.0,412.0,0.12368125,0.1062059375,0.074753125,36.0,320.0,0.0797684085510689,0.011877078384798111,0.06772090261282661,80,842
169,S09E18,18.0,9.0,0.12995328142380425,0.08520971449758993,0.06484946236559141,299,2697,0.13176683937823835,0.11162953367875647,0.051820379965457686,72,579,0.11514423076923078,0.12363884615384617,0.0467,54.0,520.0,0.10122792022792021,-0.058960683760683794,0.10221367521367522,33.0,351.0,0.09465753424657533,0.0420365296803653,0.07488584474885844,41.0,438.0,,,,,,0.16974660074165634,0.12752546353522864,0.06419530284301607,99,809
170,S09E19,19.0,9.0,0.09580291970802919,0.054141021897810206,0.0716594890510949,364,2740,0.12454281098546041,0.06815799676898224,0.07273667205169629,105,619,0.09035866261398177,0.055882066869300896,0.07579939209726444,45.0,329.0,0.11915439856373429,0.07926229802513463,0.07274326750448833,56.0,557.0,0.07069536423841061,0.018076821192052967,0.09931346578366444,58.0,453.0,,,,,,0.07325575447570333,0.04531138107416881,0.052273657289002545,100,782
171,S09E20,20.0,9.0,0.10470797413793108,0.07449389367816091,0.07382614942528738,316,2784,0.06829059829059829,0.02409025641025641,0.05401880341880342,75,585,0.10963510392609702,0.038387990762124714,0.08402771362586606,49.0,433.0,0.12692050209205022,0.1288997210599721,0.07257740585774058,57.0,717.0,0.10939420935412027,0.08597461024498888,0.06887082405345211,48.0,449.0,,,,,,0.10660833333333333,0.07608750000000002,0.09097666666666668,87,600
172,S09E23,23.0,9.0,0.11523046092184365,0.03492563698826226,0.08455625536787864,713,6986,0.12206746626686658,0.06592436281859074,0.076808095952024,151,1334,0.1112205128205128,-0.022854666666666655,0.10643999999999998,126.0,975.0,0.14457420924574207,0.17096447688564476,0.05730656934306569,38.0,411.0,0.12609401709401713,0.14049247863247866,0.06549059829059829,75.0,585.0,0.1325901328273245,0.014550284629981026,0.10994876660341557,45.0,527.0,0.10483893468611287,0.0057730500951173125,0.08391280913126187,278,3154
