,Season,EpisodeNo,Title,AirDate,Writers,Director,SEID,IMDBrating,Viewers,PosTotal,NegTotal,CompTotal,LineCountTotal,WordCountTotal,PosJerry,NegJerry,CompJerry,LineCountJerry,WordCountJerry,PosGeorge,NegGeorge,CompGeorge,LineCountGeorge,WordCountGeorge,PosKramer,NegKramer,CompKramer,LineCountKramer,WordCountKramer,PosElaine,NegElaine,CompElaine,LineCountElaine,WordCountElaine,PosSecond,NegSecond,CompSecond,LineCountSecond,WordCountSecond,PosOther,NegOther,CompOther,LineCountOther,WordCountOther,TwoParter,Pilot,Finale
0,1,1,The Stakeout,31-May-90,"Larry David, Jerry Seinfeld",Tom Cherones,S01E01,7.8,22.5,0.107816013,0.160430052,0.063446673,557,6582,0.113249872,0.233425013,0.063716556,250,3902,0.092752322,0.07033354,0.039463364,98,969,0.039038462,-0.154942308,0.142961538,7,52,0.095643045,-0.012478215,0.093031496,53,381,0.125155902,0.107826949,0.068993318,59,449,0.100364294,0.049903378,0.06862123,90,829,1,1,0
1,1,2,The Robbery,7-Jun-90,Matt Goldman,Tom Cherones,S01E02,7.7,19.7,0.100300796,-0.004003366,0.068076805,280,3268,0.079146907,-0.134019523,0.073063144,110,1552,0.118688604,-0.013624077,0.084086677,68,623,0.13462249,0.234742169,0.050634538,18,249,0.123047368,0.162912632,0.049738596,57,570,,,,,,0.09980292,0.190117153,0.057430657,27,274,0,0,0
2,1,3,Male Unbonding,14-Jun-90,"Larry David, Jerry Seinfeld",Tom Cherones,S01E03,7.5,19.1,0.095904028,0.118191914,0.069294135,241,3376,0.10004417,0.181342521,0.070812721,102,1698,0.061641628,0.01652144,0.067881064,51,639,0.118167247,0.093930662,0.070163763,24,287,0.076711712,-0.126342793,0.126558559,19,222,,,,,,0.119932075,0.15401717,0.041675472,45,530,0,0,0
3,1,4,The Stock Tip,21-Jun-90,"Larry David, Jerry Seinfeld",Tom Cherones,S01E04,7.7,19.4,0.090592615,-0.013446689,0.067963991,230,3277,0.11420578,0.003124509,0.064938728,102,1730,0.045892097,-0.149242705,0.076533435,44,658,0.064161017,0.10757839,0.044847458,18,236,0.071208,0.022277067,0.092613333,29,375,,,,,,0.098035971,0.053917626,0.052881295,37,278,0,0,0
4,2,1,The Ex-Girlfriend,16-Jan-91,"Larry David, Jerry Seinfeld",Tom Cherones,S02E01,7.8,15.6,0.103583527,0.078673057,0.083959687,245,3448,0.106550032,0.146833461,0.082964946,107,1569,0.097092135,-0.062400112,0.094708989,55,890,0.151388235,0.118009804,0.07245098,37,255,0.07186551,0.066056616,0.091689805,23,461,,,,,,0.116604396,0.131408425,0.05232967,23,273,0,0,0
5,2,2,The Pony Remark,30-Jan-91,"Larry David, Jerry Seinfeld",Tom Cherones,S02E02,8.1,15.2,0.089839437,-0.019575931,0.084098592,250,3195,0.084947989,-0.037840499,0.073237171,90,1442,0.058625514,-0.363846502,0.143366255,12,243,0.094605505,0.06748945,0.085458716,23,218,0.077940476,-0.088979167,0.096744048,31,336,0.114262697,0.158910333,0.064267951,67,571,0.099324675,0.012680779,0.104976623,27,385,0,0,0
6,2,3,The Jacket,6-Feb-91,"Larry David, Jerry Seinfeld",Tom Cherones,S02E03,8.5,14.8,0.09282439,-0.049544599,0.081639721,261,2870,0.076114688,-0.232813078,0.108547284,97,994,0.08076326,-0.196217723,0.08622251,53,773,0.12475,0.172663,0.01982,35,300,0.094388186,0.304976582,0.071198312,33,474,,,,,,0.140282675,0.135385106,0.060990881,43,329,0,0,0
7,2,4,The Phone Message,13-Feb-91,"Larry David, Jerry Seinfeld",Tom Cherones,S02E04,8.6,13.6,0.120099312,0.157351152,0.068939276,264,3343,0.109105936,0.146569315,0.062736986,92,1095,0.105127199,0.123145805,0.087964817,89,1478,0.078313043,0.443905217,0.011382609,9,115,0.119793651,0.190613228,0.024634921,15,189,,,,,,0.203854077,0.206967811,0.055343348,59,466,0,0,0
8,2,5,The Apartment,4-Apr-91,Peter Mehlman,Tom Cherones,S02E05,8,24.7,0.110000584,0.167795881,0.069265557,281,3423,0.102417257,0.211659627,0.07416935,102,1553,0.085789357,0.024457206,0.085853659,43,451,0.133777027,0.199147973,0.055506757,29,296,0.10732737,0.158863327,0.064250447,51,559,,,,,,0.140413121,0.15403422,0.054689716,56,564,0,0,0
9,2,6,The Statue,11-Apr-91,Larry David,Tom Cherones,S02E06,8.2,23.3,0.121994175,0.127199601,0.079669834,292,3262,0.11814417,0.247274134,0.05729682,87,1415,0.104488372,-0.128041324,0.128543828,56,559,0.150235294,-0.049652206,0.136856618,30,272,0.107493827,0.122739815,0.062978395,41,324,,,,,,0.139696532,0.159458092,0.071274566,78,692,0,0,0
10,2,7,The Revenge,18-Apr-91,Larry David,Tom Cherones,S02E07,8.5,19.6,0.120261761,0.110351277,0.072591398,271,2976,0.107544508,0.087469034,0.055086174,83,1056,0.144645995,0.194970155,0.063675711,83,774,0.090297659,-0.211977926,0.105020067,32,299,0.144580328,0.19320623,0.113278689,22,305,0,0,0,3,12,0.115622642,0.169027736,0.080424528,48,530,0,0,0
11,2,8,The Heart Attack,25-Apr-91,Larry Charles,Tom Cherones,S02E08,8,20.6,0.117781738,0.100815513,0.067706382,224,2946,0.126113912,0.012026424,0.079160598,60,1071,0.110476969,0.078486033,0.058323923,59,673,0.094019868,0.146097351,0.055241722,18,302,0.061426471,0.006646078,0.084588235,18,204,,,,,,0.138852011,0.266988362,0.059613506,69,696,0,0,0
12,2,9,The Deal,2-May-91,Larry Charles,Tom Cherones,S02E09,8.4,22.9,0.12181631,0.062151554,0.070374243,294,2477,0.11147069,0.016090948,0.09024569,134,1160,0.104548686,-0.014985471,0.076644513,52,647,0.176348571,0.375746857,0.007862857,19,175,0.152515152,0.166789744,0.037918415,82,429,,,,,,0.128787879,0.116227273,0.036363636,7,66,0,0,0
13,2,10,The Baby Shower,16-May-91,Larry Charles,Tom Cherones,S02E10,7.7,17.2,0.080376298,-0.067028131,0.084040929,233,3274,0.081898574,-0.060174802,0.071495246,75,1262,0.091564214,-0.102449784,0.103189033,43,693,0.086153409,0.005182955,0.075501894,29,528,0.078801418,0.014641371,0.077288416,40,423,,,,,,0.047608696,-0.221308967,0.111019022,46,368,0,0,0
14,2,11,The Chinese Restaurant,23-May-91,"Larry David, Jerry Seinfeld",Tom Cherones,S02E11,8.8,16.8,0.094797253,0.111564113,0.060670401,239,2767,0.084707317,0.122616565,0.048553862,75,984,0.087896175,0.105701093,0.067983607,48,732,,,,,,0.089237288,0.098587827,0.070103236,60,649,,,,,,0.141037313,0.116135572,0.061783582,56,402,0,0,0
15,2,12,The Busboy,26-Jun-91,"Larry David, Jerry Seinfeld",Tom Cherones,S02E12,7.9,12.5,0.068129842,-0.014966161,0.068646111,223,3227,0.056313835,-0.08729805,0.076440111,57,1077,0.099728739,0.178322581,0.053021994,49,682,0.05720442,-0.082981215,0.062911602,23,181,0.053424318,-0.203471712,0.075272953,50,806,,,,,,0.078536383,0.214399168,0.064401247,44,481,0,0,0
16,3,1,The Note,18-Sep-91,Larry David,Tom Cherones,S03E01,8.4,21.7,0.101178975,0.090209015,0.067660346,335,3006,0.106012422,0.058110404,0.077588509,108,1288,0.084687879,0.039777576,0.06670303,91,660,0.12411747,0.365343675,0.038771084,24,332,0.055408,-0.0563184,0.077268,45,250,,,,,,0.119006303,0.132047059,0.057226891,67,476,0,0,0
17,3,2,The Truth,25-Sep-91,Elaine Pope,David Steinberg,S03E02,8,16.7,0.131101701,0.22808907,0.074266739,261,2763,0.135075269,0.342058561,0.071951199,78,1209,0.124890805,0.14219727,0.099922414,68,696,0.159473896,0.131846586,0.06764257,32,249,0.111697329,0.113497329,0.053658754,52,337,,,,,,0.127400735,0.171373529,0.050507353,31,272,0,0,0
18,3,3,The Pen,2-Oct-91,Larry David,Tom Cherones,S03E03,8.4,15.1,0.082987266,0.074500623,0.049574099,391,3691,0.087945878,0.118926894,0.039839301,107,1201,,,,,,,,,,,0.092575342,0.068823288,0.037633562,41,292,0.071401116,0.021811085,0.060028708,148,1254,0.089103814,0.08972786,0.051764831,95,944,0,0,0
19,3,4,The Dog,9-Oct-91,Larry David,Tom Cherones,S03E04,7.5,17.2,0.095253492,0.043797102,0.067103701,261,2864,0.073794422,-0.054500637,0.087589641,93,1255,0.113853448,0.0097,0.072287356,53,348,0.111403922,0.183640392,0.053219608,21,255,0.124287081,0.145281978,0.04722807,68,627,,,,,,0.090335092,0.138621372,0.036730871,26,379,0,0,0
20,3,5,The Library,16-Oct-91,Larry Charles,Joshua White,S03E05,8.8,16.4,0.083384723,0.123494873,0.064292292,226,2867,0.087494787,0.278052133,0.049809479,74,1055,0.065358396,-6.52E-05,0.06164411,37,399,0.096039088,0.01979772,0.046908795,33,307,0.035657692,-0.149381538,0.108192308,26,260,,,,,,0.096836879,0.110522577,0.07641844,56,846,0,0,0
21,3,6,The Parking Garage,30-Oct-91,Larry David,Tom Cherones,S03E06,8.9,17,0.086435263,0.087205788,0.065595182,281,2989,0.108518084,0.134697458,0.079217009,73,1023,0.088876302,0.188216536,0.054286458,65,768,0.03479803,-0.092200493,0.057465517,51,406,0.076305509,0.011855593,0.055729549,59,599,,,,,,0.099735751,0.044788601,0.08611399,33,193,0,0,0
22,3,7,The Cafe,6-Nov-91,Tom Leopold,Tom Cherones,S03E07,8.6,16.4,0.120556544,0.110641342,0.05873934,343,2697,0.135193357,0.143057177,0.06960261,92,843,0.09585567,0.092968041,0.046185567,77,679,0.074396694,0.059221901,0.060789256,30,242,0.093230126,0.01721318,0.064933054,80,478,,,,,,0.183558242,0.202456264,0.049749451,64,455,0,0,0
23,3,8,The Tape,13-Nov-91,"Larry David and Bob Shaw, Don McEnery",David&nbsp; Steinberg,S03E08,8.8,15.8,0.08904038,0.079591449,0.044203936,316,2947,0.085588406,0.012512657,0.051919807,107,1035,0.091547393,0.112965521,0.04824763,99,844,0.062303719,0.03683657,0.043960744,45,484,0.131210526,0.225888756,0.026363636,49,418,,,,,,0.069584337,0.084410241,0.021168675,16,166,0,0,0
24,3,9,The Nose Job,20-Nov-91,Peter Mehlman,Tom Cherones,S03E09,8.2,16.3,0.144358593,0.15447926,0.066152647,264,2758,0.169368421,0.197387081,0.068710526,47,418,0.13847981,0.190958907,0.055684086,69,842,0.155313636,0.127020909,0.060440909,35,440,0.151738676,0.124228571,0.065254355,41,287,,,,,,0.128220493,0.118308431,0.079792477,72,771,0,0,0
25,3,10,The Stranded,27-Nov-91,"Larry David, Jerry Seinfeld and Matt Goldman",Tom Cherones,S03E10,7.6,18.6,0.118963196,0.098853813,0.065831565,331,3016,0.142864481,0.092346885,0.074327869,121,915,0.112209862,0.075959977,0.090666284,76,872,0.094684524,0.179083333,0.04410119,14,168,0.126581169,0.006433117,0.065451299,34,308,,,,,,0.100041169,0.153175564,0.03175166,86,753,0,0,0
26,3,11,The Alternate Side,4-Dec-91,Larry David and Bill Masters,Tom Cherones,S03E11,8.5,18,0.100051198,0.057186796,0.06747485,317,3340,0.10207037,0.05619787,0.054764815,113,1080,0.071587601,-0.144752022,0.097008086,40,371,0.084342441,-0.023461749,0.055562842,50,549,0.129815927,0.267101305,0.084211488,59,766,,,,,,0.089952962,-0.013424913,0.061358885,55,574,0,0,0
27,3,12,The Red Dot,11-Dec-91,Larry David,Tom Cherones,S03E12,8.5,17.9,0.094877661,0.06965948,0.057461304,282,2959,0.104026549,0.094747296,0.058264503,90,1017,0.099800436,0.020721592,0.05061614,86,917,0.097981707,0.108657927,0.063152439,8,164,0.074506931,0.013371683,0.065170297,60,505,,,,,,0.08352809,0.185927247,0.059241573,38,356,0,0,0
28,3,13,The Subway,8-Jan-92,Larry David,Tom Cherones,S03E13,8.9,18.7,0.106943668,0.149035602,0.081362325,180,2219,0.103593123,0.106955874,0.073022923,33,349,0.083601942,-0.172828544,0.126998058,41,515,0.113695067,0.080237668,0.067529148,16,223,0.143959016,0.016339344,0.134614754,24,122,,,,,,0.114041584,0.358913564,0.05759604,66,1010,0,0,0
29,3,14,The Pez Dispenser,15-Jan-92,Larry David,Tom Cherones,S03E14,8.6,19.2,0.119327944,0.129745554,0.073111072,288,2845,0.134477509,0.157447751,0.079784314,79,867,0.125689448,0.175534173,0.07578777,75,834,0.114525926,0.225601481,0.026366667,27,270,0.128969697,0.124216498,0.059774411,36,297,,,,,,0.08465338,-0.020071577,0.087953206,71,577,0,0,0
30,3,15,The Suicide,29-Jan-92,Tom Leopold,Tom Cherones,S03E15,7.8,16.9,0.099859092,0.069641488,0.071922552,331,2931,0.104415445,0.053464418,0.080135875,111,1023,0.114058052,0.163716854,0.070893258,55,534,0.11427115,0.140421475,0.029275488,46,461,0.058752212,0.025273894,0.063681416,26,226,0.110141975,-0.026898148,0.126037037,24,162,0.078405714,-0.007787429,0.081262857,69,525,0,0,0
31,3,16,The Fix-Up,5-Feb-92,"Elaine Pope, Larry Charles",Tom Cherones,S03E16,8.5,18.5,0.133213166,0.089529606,0.090077673,300,2871,0.150818919,0.141001081,0.064122973,99,740,0.14923277,0.112677243,0.095621586,69,769,0.090215488,0.12266936,0.100090909,16,297,0.128343802,0.054961488,0.084198347,80,605,,,,,,0.112276087,-0.007901304,0.123830435,36,460,0,0,0
32,3,17,The Boyfriend (1),12-Feb-92,Larry David and Larry Levin,Tom Cherones,S03E17,9,17,0.094422549,0.085627969,0.055653396,301,2989,0.090029437,0.051568918,0.050908225,114,1155,0.075379665,-0.021725225,0.062332046,63,777,0.108232911,0.300662278,0.048278481,35,395,0.088228571,0.013216429,0.090464286,44,280,0.086894737,0.209978947,0.066747368,10,95,0.153184669,0.246864808,0.029184669,35,287,0,0,0
33,3,18,The Boyfriend (2),12-Feb-92,Larry David and Larry Levin,Tom Cherones,S03E18,8.8,17,0.151856909,0.168671915,0.063922919,229,2439,0.170135417,0.336140799,0.0554375,53,576,0.165531148,0.200402459,0.079959016,44,610,0.164756272,0.232077778,0.061688172,32,279,0.168083333,0.0758625,0.069640152,34,264,0.098328125,-0.061564062,0.04096875,8,64,0.115747678,0.022741331,0.057249226,58,646,0,0,0
34,3,19,The Limo,26-Feb-92,Larry Charles / Story By Marc Jaffe,Tom Cherones,S03E19,9,19.5,0.096936796,0.025997639,0.071692699,271,2753,0.07663754,0.10381877,0.077710356,68,618,0.103896478,0.002939274,0.073823906,84,937,0.091948087,-0.041481421,0.09134153,30,366,0.092741176,0.018039412,0.068558824,31,170,,,,,,0.109871601,0.025336707,0.053,58,662,0,0,0
35,3,20,The Good Samaritan,4-Mar-92,Peter Mehlman,Jason Alexander,S03E20,8.1,16.1,0.132189774,0.063446156,0.080284489,308,2914,0.124880886,0.056270914,0.079398892,107,1083,0.157606719,0.161218379,0.085774704,58,506,0.112492366,0.010410687,0.058015267,28,262,0.136907877,0.072857677,0.080954606,77,749,,,,,,0.121621019,-0.047559873,0.091474522,38,314,0,0,0
36,3,21,The Letter,25-Mar-92,Larry David,Tom Cherones,S03E21,8.1,22.3,0.135862257,0.142673089,0.058260922,303,3296,0.140563549,0.048285012,0.072328537,65,834,0.105656743,0.098756217,0.029259194,55,571,0.184963696,0.249112541,0.049570957,32,303,0.131774127,0.077308419,0.063652977,54,487,,,,,,0.13626158,0.236567393,0.062652134,97,1101,0,0,0
37,3,22,The Parking Space,22-Apr-92,Larry David and Greg Daniels,Tom Cherones,S03E22,8.5,17.8,0.115031596,0.089950554,0.076110181,397,3703,0.109712329,0.097793836,0.048422945,85,584,0.113442197,0.094393064,0.078196532,96,1038,0.175722343,0.039902386,0.106375271,58,461,0.102732376,0.141889034,0.083357702,63,766,0.13526,0.019692,0.0772,10,50,0.096608209,0.062100373,0.069201493,85,804,0,0,0
38,3,23,The Keys,6-May-92,Larry Charles,Tom Cherones,S03E23,8.6,16.4,0.082246104,0.021936006,0.064528896,295,3080,0.057488,-0.080912,0.071693333,84,750,0.084298625,0.068973477,0.061662083,62,509,0.127440678,0.202563945,0.069506934,56,649,0.099954373,0.141954373,0.054711027,33,263,0.112951807,-0.181354217,0.068819277,10,83,0.059227603,-0.073373123,0.05857385,50,826,0,0,0
39,4,1,The Trip (1),12-Aug-92,Larry Charles,Tom Cherones,S04E01,8.4,16.3,0.152551877,0.217037713,0.051830717,289,2930,0.129518868,0.226481509,0.025975472,62,530,0.129823529,0.229450671,0.034443756,79,969,0.210762443,0.416388462,0.036545249,38,442,,,,,,,,,,,0.161148635,0.11072184,0.089553084,110,989,0,0,0
40,4,2,The Trip (2),19-Aug-92,Larry Charles,Tom Cherones,S04E02,8.5,15.1,0.122464823,0.057218747,0.091359089,266,2459,0.101737683,-0.035926232,0.08961518,90,751,0.100113464,0.063531014,0.083721634,83,661,0.189802326,0.124109302,0.099523256,34,430,,,,,,,,,,,0.124709887,0.117213128,0.095974068,59,617,0,0,0
41,4,3,The Pitch,16-Sep-92,Larry Charles,Tom Cherones,S04E03,8.8,17.6,0.112439842,0.168876211,0.051632044,360,3283,0.117183908,0.167310848,0.050492098,151,1392,0.100013859,0.139812154,0.047094883,100,938,0.099362637,0.138426648,0.098862637,38,364,0.1776,0.16392,0,3,10,0.11078626,0.241324427,0.021870229,25,262,0.14270347,0.236992429,0.042056782,43,317,0,0,0
42,4,4,The Ticket,16-Sep-92,Larry David,Tom Cherones,S04E04,8.5,17.6,0.117703144,0.101040444,0.066203453,351,3244,0.114239407,0.133644915,0.060324153,110,944,0.11695461,0.145392908,0.044331915,81,705,0.065262391,0.040690087,0.079029155,60,343,0.115555556,0.197311111,0,3,18,0.144010652,0.044796405,0.095262317,53,751,0.121981366,0.099300207,0.057795031,44,483,0,0,0
43,4,5,The Wallet (1),23-Sep-92,Larry David,Tom Cherones,S04E05,8.2,17.6,0.116764622,0.116992345,0.064676892,362,3488,0.092889429,0.063424666,0.076571081,91,823,0.129834783,0.071347536,0.054524638,36,345,0.117195652,0.12633913,0.046137681,36,414,0.130649616,0.091549872,0.10197954,45,391,0.110853346,0.1043956,0.063523373,110,1091,0.154457547,0.304858255,0.036521226,44,424,0,0,0
44,4,6,The Watch (2),30-Sep-92,Larry David,Tom Cherones,S04E06,8.2,15.2,0.132053536,0.054668836,0.065149338,345,3549,0.104034091,-0.101685227,0.070085227,72,880,0.168637701,0.249078877,0.075398396,51,748,0.223325253,0.286546869,0.046983838,47,495,0.179225,0.236967917,0.067566667,29,240,0.079262082,-0.04066803,0.084226766,74,538,0.084512346,-0.122904167,0.043757716,72,648,0,0,0
45,4,7,The Bubble Boy,7-Oct-92,"Larry David, Larry Charles",Tom Cherones,S04E07,8.9,17.1,0.119874182,0.107869712,0.075324224,363,3513,0.129789091,0.099401,0.08648,100,1100,0.107008499,0.087337252,0.0731983,68,706,0.11120625,0.307706875,0.03204375,24,320,0.092828488,0.00752907,0.06802907,46,344,0.092145078,0.096033161,0.04826943,27,193,0.138234118,0.103946471,0.088042353,98,850,0,0,0
46,4,8,The Cheever Letters,28-Oct-92,"Larry David, Larry Charles",Tom Cherones,S04E08,8.6,15.1,0.107313706,0.219593574,0.054354752,338,4093,0.095127119,0.211342764,0.063007823,102,1534,0.123422149,0.175375548,0.046910088,88,912,0.167180282,0.403284225,0.029839437,27,355,0.092675758,0.0965,0.083593939,27,330,0.110503876,0.437544574,0.051034884,19,258,0.088504261,0.180052273,0.045017045,75,704,0,0,0
47,4,9,The Opera,4-Nov-92,Larry Charles,Tom Cherones,S04E09,8.3,16.7,0.112512557,0.051718245,0.064982451,299,3305,0.078099093,-0.078424075,0.072911375,94,1433,0.144397229,0.240754734,0.05421709,36,433,0.16112201,0.200417225,0.055933014,55,418,0.113233792,0.092054224,0.065316306,48,509,0.103533333,0.051036667,0.076733333,8,60,0.146497788,0.100379425,0.056590708,58,452,0,0,0
48,4,10,The Virgin,11-Nov-92,Peter Mehlman,Tom Cherones,S04E10,8.4,16.2,0.100633791,0.033594844,0.073362006,316,3569,0.09098,0.016092667,0.063346667,118,1350,0.105123506,0.034131574,0.093682271,76,1004,0.078261411,-0.059688382,0.090443983,34,241,0.107280591,0.108121519,0.063295359,24,474,0.170583333,-0.187308333,0.172066667,6,60,0.115563636,0.087001364,0.045752273,58,440,0,0,0
49,4,11,The Contest,18-Nov-92,Larry David,Tom Cherones,S04E11,9.6,18.5,0.092691143,0.056691143,0.04832315,339,3568,0.119735437,0.202176699,0.031984223,91,824,0.092933875,0.07144652,0.054039443,77,862,0.135919811,0.196697406,0.061955189,29,424,0.055939759,-0.206680857,0.056001339,66,747,0.076569038,0.118974059,0.053464435,16,239,0.072529661,0.035274576,0.03940678,60,472,0,0,0
50,4,12,The Airport,25-Nov-92,Larry Charles,Tom Cherones,S04E12,9,14.5,0.105191682,0.155181777,0.050825331,245,2645,0.130078397,0.236063937,0.036487805,53,574,0.105658887,0.297033214,0.060301616,37,557,0.088328912,-0.045354642,0.050509284,33,377,0.122834646,0.222598228,0.057824803,50,508,,,,,,0.077925278,0.02150461,0.050054054,72,629,0,0,0
51,4,13,The Pick,16-Dec-92,Larry Charles,Tom Cherones,S04E13,8.7,16.2,0.099129769,0.066068824,0.06453596,288,3198,0.093168955,0.057459556,0.056406547,79,947,0.11704698,0.163674362,0.063587919,50,745,0.101931765,0.058527059,0.048854118,50,425,0.105,0.07953211,0.084168807,46,545,0.082530612,0.061216327,0,10,49,0.075967146,-0.074501232,0.080002053,53,487,0,0,0
52,4,14,The Movie,6-Jan-93,"Steve Skrovan, Bill Masters, Jon Hayman",Tom Cherones,S04E14,8.3,17.6,0.087630749,0.037260885,0.066547963,234,2283,0.100971545,0.056613821,0.088471545,35,246,0.112574468,0.158088936,0.038629787,43,470,0.123044118,0.222688971,0.028455882,15,136,0.054778163,-0.136117331,0.082745234,56,577,,,,,,0.086617096,0.052800703,0.070720141,85,854,0,0,0
53,4,15,The Visa,27-Jan-93,Peter Mehlman,Tom Cherones,S04E15,8.3,11.5,0.151946321,0.17018617,0.083100095,299,3167,0.142685185,0.066731379,0.063639918,102,972,0.178540613,0.303500133,0.114439414,57,751,0.125157895,0.373079224,0.030293629,18,361,0.17414405,0.256901253,0.043745303,59,479,,,,,,0.132190397,-0.019121192,0.138221854,63,604,0,0,0
54,4,16,The Shoes,4-Feb-93,"Larry David, Jerry Seinfeld",Tom Cherones,S04E16,8.4,26.9,0.113659347,0.099519359,0.057835597,304,3461,0.108933644,0.134231315,0.042128056,88,859,0.118187583,0.128167107,0.048791281,57,757,0.146880503,0.260345912,0.056339623,23,318,0.079650862,-0.073235345,0.063618534,36,464,,,,,,0.119159925,0.078363594,0.074892756,100,1063,0,0,0
55,4,17,The Outing,11-Feb-93,Larry Charles,Tom Cherones,S04E17,9.4,28,0.089470276,0.05356449,0.071095011,204,1884,0.082709867,0.025341237,0.066561119,64,679,0.092224525,0.076412263,0.080597582,66,579,0.075285714,-0.140755952,0.111595238,12,84,0.052367188,-0.033494531,0.051484375,16,128,,,,,,0.111055556,0.13424372,0.063086957,46,414,0,0,0
56,4,18,The Old Man,18-Feb-93,Bruce Kirschbaum,Tom Cherones,S04E18,8.3,22.7,0.1067244,0.05946908,0.0647752,247,2500,0.123284024,0.157296055,0.037447732,62,507,0.119273469,0.256330408,0.029053061,34,490,0.075590278,-0.022311111,0.051475694,34,288,0.117901907,0.021556403,0.05740327,28,367,0.064406393,0.062596347,0.07839726,24,219,0.106068362,-0.114264706,0.120278219,65,629,0,0,0
57,4,19,The Implant,25-Feb-93,Peter Mehlman,Tom Cherones,S04E19,8.8,27.4,0.117264583,0.067132153,0.072269444,275,2880,0.117525872,0.136040794,0.054330927,77,831,0.108318408,-0.109480597,0.106676617,34,402,0.140166181,0.066307872,0.062833819,35,343,0.075849432,0.026791477,0.0729375,44,352,,,,,,0.12787605,0.096772794,0.076551471,85,952,0,0,0
58,4,20,The Junior Mint,18-Mar-93,Andy Robin,Tom Cherones,S04E20,8.9,26.4,0.117725964,0.148021157,0.04900643,378,3266,0.115642916,0.103676719,0.064120961,144,1207,0.109327044,0.200195597,0.032435535,68,636,0.151193407,0.133305714,0.044083516,58,455,0.121982097,0.203845524,0.05159335,42,391,,,,,,0.102065858,0.157048873,0.037783362,66,577,0,0,0
59,4,21,The Smelly Car,15-Apr-93,"Larry David, Peter Mehlman",Tom Cherones,S04E21,8.6,25,0.090931887,0.083067722,0.054885466,238,2305,0.060528671,-0.066022657,0.078665734,65,715,0.129929915,0.242670427,0.038439316,57,585,0.155293413,0.42981018,0.027497006,13,167,0.036409091,-0.077827922,0.067876623,35,308,0.10443787,0.046204142,0.042798817,28,169,0.098373961,0.113848476,0.04168144,40,361,0,0,0
60,4,22,The Handicap Spot,13-May-93,Larry David,Tom Cherones,S04E22,8.5,27.6,0.134513867,0.119547625,0.06367198,325,3137,0.141281706,0.053688215,0.048916947,81,891,0.103214286,0.070154121,0.092175824,73,728,0.16205,0.292642292,0.063745833,51,480,0.140568675,0.161167711,0.040725301,58,415,0.085331633,-0.154795918,0.110617347,19,196,0.159491803,0.232083372,0.046533958,43,427,0,0,0
61,4,23,The Pilot (1),20-May-93,Larry David,Tom Cherones,S04E23,8.8,32.8,0.116037704,0.06701331,0.058956584,347,3501,0.10996119,0.016402199,0.060759379,87,773,0.110461028,-0.180488226,0.12452073,50,603,0.150518519,0.16329943,0.065512821,31,351,0.090725524,0.054107517,0.061003497,44,572,,,,,,0.124719634,0.201748336,0.022017471,135,1202,0,0,0
62,4,24,The Pilot (2),20-May-93,Larry David,Tom Cherones,S04E24,8.8,32.8,0.10308274,0.076992472,0.066809088,278,2949,0.112863014,0.115440487,0.062407915,76,657,0.134528529,0.186366066,0.059406907,44,666,0.03575,-0.269221528,0.094743056,12,144,0.147389776,0.269075719,0.050108626,28,313,0.193,-0.07525,0.22275,2,8,0.075296296,-0.015300775,0.073509044,116,1161,0,0,0
63,5,1,The Mango,16-Sep-93,"Lawrence H. Levy, Buck Dancer (Larry David pseudonym)",Tom Cherones,S05E01,8.7,,0.111761728,0.087892913,0.070244347,364,2963,0.107727103,0.158368692,0.060398131,133,1070,0.127325792,0.12038552,0.06221267,64,663,0.109292929,0.053603788,0.050209596,47,396,0.113861314,0.013629927,0.109355231,69,411,,,,,,0.097843972,-0.037050591,0.08849409,51,423,0,0,0
64,5,2,The Puffy Shirt,23-Sep-93,Larry David,Tom Cherones,S05E02,9,,0.117466275,0.186243129,0.049666947,297,3573,0.112293371,0.049606206,0.053018336,71,709,0.098877307,0.102469273,0.060766558,67,921,0.164463651,0.353199838,0.021420032,48,619,0.18682197,0.370031818,0.055950758,25,264,0.048829493,-0.016379724,0.069414747,35,434,0.122538339,0.362126837,0.04113099,51,626,0,0,0
65,5,3,The Glasses,30-Sep-93,"Tom Gammill, Max Pross",Tom Cherones,S05E03,8.5,,0.104602926,0.069686424,0.067785301,324,2939,0.097183585,0.058372786,0.067100432,96,926,0.136788494,0.117341963,0.058796954,72,591,0.088928058,0.169392326,0.03722542,39,417,0.073451485,-0.136349505,0.124960396,47,505,,,,,,0.124836,0.159252,0.047418,70,500,0,0,0
66,5,4,The Sniffing Accountant,7-Oct-93,"Larry David, Jerry Seinfeld",Tom Cherones,S05E04,8.3,,0.107639947,0.156510053,0.037143233,347,3044,0.074113846,-0.022237077,0.060396923,80,650,0.131242424,0.234426061,0.024421212,32,330,0.113650633,0.240098228,0.01523038,49,395,0.14776244,0.276591011,0.034030498,61,623,0.08781382,0.161660269,0.03093666,58,521,0.101853333,0.118343048,0.042689524,67,525,0,0,0
67,5,5,The Bris,14-Oct-93,Larry Charles,Tom Cherones,S05E05,8.3,,0.101027418,-0.066936246,0.081070202,268,3319,0.097178622,0.050247117,0.053677918,70,711,0.120136662,0.087946912,0.08488042,43,761,0.057982222,-0.075494222,0.054744444,46,450,0.138927928,0.177851952,0.056426426,44,333,,,,,,0.096275376,-0.329010338,0.115496241,65,1064,0,0,0
68,5,6,The Lip Reader,28-Oct-93,Carol Leifer,Tom Cherones,S05E06,8.6,,0.114652149,0.184878079,0.050682434,297,3467,0.115600971,0.269583495,0.038345631,79,1030,0.104585308,0.184040521,0.03935782,75,844,0.143754902,0.28371299,0.035914216,42,408,0.130151648,0.070138022,0.083826374,33,455,0,0,0,3,93,0.113483516,0.094667818,0.078819466,65,637,0,0,0
69,5,7,The Non-Fat Yogurt,4-Nov-93,Larry David,Tom Cherones,S05E07,8.6,,0.123017139,0.100561514,0.049599564,340,3209,0.106767773,0.073802528,0.053668246,74,633,0.123059211,0.079110088,0.054442982,55,456,0.136916168,0.174278743,0.029488024,47,334,0.099595385,0.103724462,0.042195385,63,650,0.120055,0.1603365,0.0335275,34,400,0.152953804,0.068133288,0.0675,67,736,0,0,0
70,5,8,The Barber,11-Nov-93,Andy Robin,Tom Cherones,S05E08,8.4,,0.130431613,0.111659942,0.049766871,291,2771,0.105143654,-0.096419526,0.0757894,76,717,0.177656315,0.302766046,0.031503106,51,483,0.091256098,0.006710976,0.063117886,35,246,0.136073529,0.273846691,0.032875,27,272,0.144262857,0.103690857,0.058691429,19,175,0.131575171,0.15720205,0.038276765,83,878,0,0,0
71,5,9,The Masseuse,18-Nov-93,Peter Mehlman,Tom Cherones,S05E09,8,,0.11946396,0.098420401,0.074679157,370,3843,0.139493551,-0.077088478,0.10016767,97,1163,0.126824096,0.245529639,0.065009639,64,830,0.08853719,0.093273278,0.063173554,29,363,0.134569106,0.306987154,0.047772358,57,615,,,,,,0.087965596,0.04752133,0.073654817,123,872,0,0,0
72,5,10,The Cigar Store Indian,9-Dec-93,"Tom Gammill, Max Pross",Tom Cherones,S05E10,8.5,,0.114245695,0.147364606,0.040036285,339,3252,0.112326761,0.14931108,0.045156808,80,1065,0.111942308,0.118491758,0.036659341,44,364,0.175438017,0.321806336,0.020225895,37,363,0.100299754,0.033284767,0.056552826,60,407,0.04074359,0.006102564,0.033307692,35,312,0.126766532,0.195432928,0.037801619,83,741,0,0,0
73,5,11,The Conversion,16-Dec-93,Bruce Kirschbaum,Tom Cherones,S05E11,8.3,,0.116630243,0.126548455,0.055201987,302,2718,0.0832574,0.110623423,0.051907336,76,777,0.096559932,0.079552568,0.060090753,60,584,0.149466063,0.163913575,0.065696833,34,221,0.132512821,0.147077885,0.036775641,38,312,0.031764706,0.026242017,0.012672269,16,119,0.167039716,0.179162553,0.06682695,78,705,0,0,0
74,5,12,The Stall,6-Jan-94,Larry Charles,Tom Cherones,S05E12,8.7,,0.109669512,0.140737805,0.060680183,357,3280,0.101094359,0.169540718,0.052414359,94,975,0.152247619,0.264496381,0.041712381,48,525,0.099308901,0.091784293,0.045884817,56,382,0.113178191,0.163390824,0.061466755,80,752,,,,,,0.090051084,-0.000734211,0.096404025,79,646,0,0,0
75,5,13,The Dinner Party,3-Feb-94,Larry David,Tom Cherones,S05E13,8.4,,0.096797263,0.047641688,0.066602509,347,3507,0.1124533,0.12101594,0.067054795,75,803,0.078914204,-0.018401907,0.07785796,80,1049,0.122768224,0.174776449,0.058349533,59,535,0.094634146,0.004935192,0.066182346,92,861,,,,,,0.07423166,-0.033001544,0.038057915,41,259,0,0,0
76,5,14,The Marine Biologist,10-Feb-94,"Ron Hague, Charlie Rubin",Tom Cherones,S05E14,9.3,,0.124281593,0.243763297,0.043602198,351,3640,0.124361353,0.20485343,0.050807729,106,1035,0.117670975,0.327145241,0.042627497,53,851,0.118931319,0.228143132,0.049431319,33,364,0.143802228,0.247443315,0.038310585,75,718,,,,,,0.114571429,0.202628125,0.036235119,84,672,0,0,0
77,5,15,The Pie,17-Feb-94,"Tom Gammill, Max Pross",Tom Cherones,S05E15,8.7,,0.104056283,0.073733901,0.065455825,304,3056,0.100941176,0.043055647,0.056897647,77,850,0.085498428,0.073650943,0.073349057,53,636,0.121770781,0.070525945,0.051559194,36,397,0.072948498,0.088221245,0.060197425,45,466,,,,,,0.135052334,0.102944272,0.07991372,93,707,0,0,0
78,5,16,The Stand-In,24-Feb-94,Larry David,Tom Cherones,S05E16,7.9,,0.101058562,0.064269498,0.063062726,346,3603,0.128625,0.166924643,0.056652381,82,840,0.09001173,0.122821994,0.066495601,57,682,0.141839286,0.238130655,0.038401786,43,336,0.124334572,0.224116357,0.034475836,36,269,,,,,,0.076949187,-0.089917005,0.075948509,128,1476,0,0,0
79,5,17,The Wife,17-Mar-94,Peter Mehlman,Tom Cherones,S05E17,8.2,,0.126214796,0.14437535,0.058122785,347,3217,0.139781285,0.1857823,0.061669673,91,887,0.071672241,0.053374916,0.05732107,25,299,0.071373444,-0.007736929,0.051564315,24,241,0.157569983,0.249580438,0.044924115,58,593,0,-0.113807143,0.088107143,10,56,0.131443471,0.126156091,0.062348817,139,1141,0,0,0
80,5,18,The Raincoats,April 28 1994,"Tom Gammill, Max Pross and Larry David, Jerry Seinfeld",Tom Cherones,S05E18,8.6,,0.097261248,0.107992007,0.042562837,730,6668,0.089987058,0.063865746,0.046352028,149,1159,0.096666667,0.138824094,0.030230978,100,1104,0.098843537,0.126211224,0.040244898,72,588,0.119424757,0.283146359,0.020014563,44,412,0.09474397,0.090520362,0.041628015,247,2156,0.100826261,0.085490873,0.060089672,118,1249,1,0,0
81,5,20,The Fire,5-May-94,Larry Charles,Tom Cherones,S05E20,8.8,,0.149536479,0.222934803,0.05826824,294,3221,0.130641849,0.164491528,0.060979461,71,779,0.139990506,0.341136234,0.053962025,54,632,0.137278455,0.308312195,0.037581301,34,492,0.147704225,0.042901408,0.065812207,26,213,0,-0.524544,0.28368,3,25,0.178158333,0.209835185,0.061550926,106,1080,0,0,0
82,5,21,The Hamptons,12-May-94,"Peter Mehlman, Carol Leifer",Tom Cherones,S05E21,9.1,,0.129521166,0.138626301,0.054549271,314,2882,0.093135952,0.035460121,0.071953172,79,662,0.130682642,0.140676036,0.054063472,67,772,0.135660377,0.193081447,0.053575472,38,318,0.168882488,0.293588249,0.023465438,48,434,,,,,,0.135491379,0.112970259,0.058362069,82,696,0,0,0
83,5,22,The Opposite,19-May-94,"Andy Cowan and Larry David, Jerry Seinfeld",Tom Cherones,S05E22,9.6,,0.130035153,0.217936417,0.046493987,299,3243,0.11701059,0.220367171,0.054295008,65,661,0.132308546,0.280024306,0.049786903,43,901,0.14559633,0.236485321,0.023155963,24,218,0.091692015,0.045208365,0.060376426,60,526,0.280025,0.6397525,0,3,40,0.149363434,0.231749944,0.037042363,104,897,0,0,0
84,6,1,The Chaperone,22-Sep-94,"Larry David, Bill Masters, Bob Shaw",Andy Ackerman,S06E01,8.2,,0.122837479,0.073769608,0.081612266,296,2935,0.096865533,0.137918238,0.069757342,67,647,0.103596311,0.069308811,0.068680328,41,488,0.137921384,0.024131447,0.104992138,42,636,0.193112676,0.269405986,0.030591549,39,284,,,,,,0.119021591,0.001817159,0.097068182,107,880,0,0,0
85,6,2,The Big Salad,29-Sep-94,Larry David,Andy Ackerman,S06E02,8.4,,0.131722513,0.06725082,0.075353927,291,2865,0.094767834,-0.123115953,0.119594034,89,771,0.160117083,0.294741267,0.046731286,40,521,0.108705426,0.016028682,0.09069509,27,387,0.157768421,0.151326579,0.077228947,59,380,0.243801653,0.301170248,0.063595041,13,121,0.130477372,0.049470073,0.03969927,63,685,0,0,0
86,6,3,The Pledge Drive,6-Oct-94,"Tom Gammill, Max Pross",Andy Ackerman,S06E03,8.4,,0.124109722,0.126390382,0.061498958,322,2880,0.14458072,0.160303717,0.059563298,97,861,0.10319685,0.158672441,0.038091864,36,381,0.14962156,0.224952982,0.049100917,39,436,0.137257075,0.135308726,0.097591981,53,424,,,,,,0.090233933,0.012953985,0.062381748,97,778,0,0,0
87,6,4,The Chinese Woman,13-Oct-94,Peter Mehlman,Andy Ackerman,S06E04,8.3,,0.082661684,0.058847346,0.057815131,318,3278,0.094197072,0.034841892,0.070586712,91,888,0.054234801,-0.079877987,0.043324948,39,477,0.105653025,0.194008363,0.06408363,43,562,0.08590846,0.147208599,0.044833564,69,721,0.063550661,-0.012110132,0.055995595,30,227,0.063784119,-0.030663275,0.062332506,46,403,0,0,0
88,6,5,The Couch,27-Oct-94,Larry David,Andy Ackerman,S06E05,8.3,,0.116966764,0.11213203,0.056237211,331,3069,0.138183471,0.188682479,0.057846281,77,605,0.128414938,0.15443278,0.053939834,41,482,0.105135484,0.196319355,0.02987957,37,465,0.144985748,0.162810926,0.041023753,56,421,,,,,,0.09447719,-0.003912591,0.073385949,120,1096,0,0,0
89,6,6,The Gymnast,3-Nov-94,"Alec Berg, Jeff Schaffer",Andy Ackerman,S06E06,8.4,,0.10579843,0.129550361,0.061889482,283,3185,0.102347188,0.160460758,0.051933985,81,818,0.12488141,0.134552724,0.085004808,42,624,0.118443623,0.217651386,0.058951941,46,541,0.129730594,0.163940868,0.053641553,44,438,,,,,,0.071232984,0.010267801,0.060477749,70,764,0,0,0
90,6,7,The Soup,10-Nov-94,Fred Stoller,Andy Ackerman,S06E07,8.4,,0.130969785,0.157944553,0.061153989,391,3773,0.120330153,0.064851431,0.063265267,133,1048,0.139343247,0.226345229,0.080525403,68,807,0.173108597,0.132780317,0.073067873,38,442,0.136225728,0.236179854,0.015509709,51,412,,,,,,0.115558271,0.177918139,0.057107143,101,1064,0,0,0
91,6,8,The Mom & Pop Store,17-Nov-94,"Tom Gammill, Max Pross",Andy Ackerman,S06E08,8.3,,0.089809191,0.086525593,0.047985393,293,3286,0.098521848,0.107996504,0.050229713,76,801,0.102895,0.176312167,0.03826,54,600,0.073929487,-0.004546635,0.04550641,46,624,0.091628676,0.020385662,0.048448529,31,272,,,,,,0.084332659,0.090316279,0.05350455,86,989,0,0,0
92,6,9,The Secretary,8-Dec-94,"Carol Leifer, Marjorie Gross",David Owen Trainor,S06E09,8.3,,0.130801923,0.283097091,0.032813053,325,3953,0.102957759,0.230884848,0.033915519,92,1089,0.128661269,0.303677058,0.030278003,45,741,0.124258824,0.195360392,0.035364706,51,510,0.1365,0.292911914,0.029027344,44,512,,,,,,0.160164396,0.356966213,0.034007266,93,1101,0,0,0
93,6,10,The Race,15-Dec-94,"Tom Gammill, Max Pross and Larry David",Andy Ackerman,S06E10,9,,0.136719927,0.188269046,0.051918591,295,3292,0.093148387,-0.042940903,0.051376774,62,775,0.155660938,0.292039844,0.045395313,50,640,0.145665468,0.222516187,0.03105036,30,278,0.230919897,0.31914677,0.060250646,45,387,,,,,,0.122448845,0.2316717,0.057835809,108,1212,0,0,0
94,6,11,The Switch,5-Jan-95,Bruce Kirschbaum and Sam Kass,Andy Ackerman,S06E11,9,,0.113370762,0.10877058,0.061454612,314,2743,0.106650888,0.073290414,0.060745562,74,845,0.126931319,0.238718956,0.043351648,81,728,0.087144201,0.016887461,0.060874608,41,319,0.106253197,0.03291867,0.10386445,51,391,0.198054054,0.262248649,0.060108108,5,37,0.122406619,0.081982033,0.055380615,62,423,0,0,0
95,6,12,The Label Maker,19-Jan-95,"Alec Berg, Jeff Schaffer",Andy Ackerman,S06E12,8.7,,0.144257413,0.201291893,0.051170032,333,3170,0.166438919,0.278635784,0.042221622,112,925,0.141558638,0.202399369,0.049218159,72,793,0.144846591,0.015438068,0.101928977,28,352,0.124306373,0.275086029,0.020617647,42,408,0.170770909,0.399055636,0.051778182,20,275,0.101724221,-0.018117746,0.061376499,59,417,0,0,0
96,6,13,The Scofflaw,26-Jan-95,Peter Mehlman,Andy Ackerman,S06E13,8.3,,0.116310479,0.137384755,0.063162207,350,3588,0.113900662,0.043684636,0.081018543,77,755,0.123093089,0.104229478,0.060502116,93,709,0.124301339,0.204021875,0.045904018,42,448,0.073413088,-0.041049489,0.096576687,41,489,0.12256,0.220544,0.04224,7,50,0.128707124,0.267106508,0.046313105,90,1137,0,0,0
97,6,16,The Beard,9-Feb-95,Carol Leifer,Andy Ackerman,S06E16,8.4,,0.144551737,0.12377298,0.073570018,297,2735,0.126586253,-0.001831671,0.085045822,91,742,0.178825279,0.089392937,0.105273234,51,538,0.12628266,0.09190095,0.071190024,38,421,0.149665236,0.271842346,0.064214592,72,699,,,,,,0.141591045,0.188288657,0.019749254,45,335,0,0,0
98,6,17,The Kiss Hello,16-Feb-95,"Larry David, Jerry Seinfeld",Andy Ackerman,S06E17,8.4,,0.128110889,0.178763161,0.053837668,381,3499,0.146915186,0.290766236,0.051330372,124,1238,0.114900212,0.162511253,0.045390658,47,471,0.126285372,0.025763789,0.105755396,48,417,0.078720648,0.006376721,0.055194332,54,494,0.132100917,0.18702844,0.067431193,9,109,0.138068831,0.200910649,0.032124675,99,770,0,0,0
99,6,18,The Doorman,23-Feb-95,"Tom Gammill, Max Pross",Andy Ackerman,S06E18,8.5,,0.110926351,0.120606453,0.049234122,331,2960,0.103590726,0.115846371,0.023247984,63,496,0.128261838,0.081350139,0.085532033,41,359,0.123589421,0.185646348,0.055133501,48,397,0.092782881,0.103950522,0.048471816,47,479,0.118113082,0.134001109,0.023902439,65,451,0.10814653,0.111056812,0.061195373,67,778,0,0,0
100,6,19,The Jimmy,16-Mar-95,"Gregg Kavet, Andy Robin",Andy Ackerman,S06E19,9.1,,0.108664954,0.17352444,0.045798532,303,2725,0.055518447,0.041888932,0.035219417,67,515,0.111037694,0.132755876,0.07205765,49,451,0.12379346,0.196038726,0.049783133,67,581,0.083417778,0.113457111,0.023628889,57,450,,,,,,0.148324176,0.311063462,0.047538462,63,728,0,0,0
101,6,20,The Doodle,6-Apr-95,"Alec Berg, Jeff Schaffer",Andy Ackerman,S06E20,8.5,,0.116764868,0.064229082,0.064329667,321,2909,0.069844523,-0.125212839,0.076047114,88,849,0.153383534,0.150222088,0.065114458,52,498,0.104241192,0.183217344,0.029262873,37,369,0.133823423,0.169744324,0.050455856,73,555,0.13452381,0.082783983,0.096212121,23,231,0.147847666,0.091889681,0.071542998,48,407,0,0,0
102,6,21,The Fusilli Jerry,27-Apr-95,Marjorie Gross,Andy Ackerman,S06E21,8.9,,0.115272256,0.145759048,0.053963095,331,3089,0.111997633,0.161057988,0.046368047,82,845,0.091397188,0.134203866,0.042316344,54,569,0.137195175,0.269780263,0.039383772,42,456,0.170898551,0.270514976,0.069004831,51,414,0.090827411,-0.031166497,0.07948731,47,394,0.098136253,0.036643066,0.062257908,55,411,0,0,0
103,6,22,The Diplomat's Club,4-May-95,"Tom Gammill, Max Pross",Andy Ackerman,S06E22,8.2,,0.103840788,0.061234633,0.077549446,259,2437,0.067475248,-0.003143168,0.101748515,57,505,0.1746,0.410412405,0.0304,33,395,0.137920213,0.134648936,0.021611702,31,188,0.070272388,-0.070603731,0.083354478,30,268,0.039045872,-0.229798165,0.159706422,15,109,0.103909465,0.007570988,0.084143004,93,972,0,0,0
104,6,23,The Face Painter,11-May-95,Larry David,Andy Ackerman,S06E23,8.6,,0.148444629,0.097285776,0.082915119,299,3016,0.1460841,0.058204862,0.08965703,84,761,0.143644172,0.225395706,0.04895092,42,489,0.152738776,0.087009796,0.080755102,52,735,0.170083815,0.126460983,0.112887283,51,346,0.136196141,-0.05469582,0.113681672,31,311,0.141251337,0.128888235,0.064537433,39,374,0,0,0
105,6,24,The Understudy,18-May-95,"Marjorie Gross, Carol Leifer",Andy Ackerman,S06E24,8.2,,0.110874221,0.075540849,0.063475078,239,2568,0.099749455,-0.005933333,0.063938998,50,459,0.082398734,0.072035443,0.057006329,16,158,0.139732861,0.308270449,0.038484634,36,423,0.132602094,0.248581414,0.024005236,39,382,0.06334632,-0.154332035,0.091580087,15,231,0.11095847,-0.00478153,0.085295082,83,915,0,0,0
106,7,1,The Engagement,21-Sep-95,Larry David,Andy Ackerman,S07E01,8.7,,0.14299767,0.154573126,0.063699029,312,2575,0.132343077,0.148319538,0.056292308,84,650,0.203494269,0.305834097,0.04577937,75,698,0.142825666,0.26400678,0.071,42,413,0.086065789,-0.026382895,0.085426316,40,380,0.123083333,0.053812153,0.064569444,44,288,0.089157534,-0.180556849,0.103424658,27,146,0,0,0
107,7,2,The Postponement,28-Sep-95,Larry David,Andy Ackerman,S07E02,8.4,,0.144541041,0.061378665,0.092850208,308,3131,0.163141864,0.086730459,0.089261474,94,719,0.110909185,-0.069471827,0.120679051,67,969,0.083644351,-0.13731046,0.105933054,29,239,0.211296226,0.246335094,0.064343396,58,530,0.13542623,-0.009434973,0.093234973,22,183,0.144657841,0.205950713,0.067443992,38,491,0,0,0
108,7,3,The Maestro,5-Oct-95,Larry David,Andy Ackerman,S07E03,8.3,,0.108778679,0.093454253,0.053978735,384,3574,0.090342898,0.097499283,0.053065997,90,697,0.121457399,0.114494768,0.063829596,60,669,0.155746914,0.095482253,0.079320988,70,648,0.113949833,0.116313712,0.028237458,42,299,0.075298246,0.063375439,0,10,57,0.087428571,0.074077076,0.044342193,112,1204,0,0,0
109,7,4,The Wink,12-Oct-95,"Tom Gammill, Max Pross",Andy Ackerman,S07E04,8.8,,0.111956067,0.104743425,0.055758816,340,3346,0.099885246,0.076229016,0.046757377,65,610,0.097095023,0.067799548,0.076117647,51,442,0.129559426,0.16420123,0.027809426,51,488,0.080815661,-0.040106036,0.083249592,65,613,,,,,,0.132434199,0.183117519,0.050125733,108,1193,0,0,0
110,7,5,The Hot Tub,19-Oct-95,"Gregg Kavet, Andy Robin",Andy Ackerman,S07E05,8.8,,0.109330459,0.021874438,0.083545119,282,3247,0.093708119,0.060962795,0.067143885,89,973,0.112186352,-0.180615223,0.125013123,37,381,0.157093842,0.2175,0.045237537,28,341,0.074014953,-0.047774206,0.090048598,49,535,,,,,,0.125769912,0.031382104,0.093124877,79,1017,0,0,0
111,7,6,The Soup Nazi,2-Nov-95,Spike Feresten,Andy Ackerman,S07E06,9.6,,0.150606032,0.184475155,0.061606654,393,3216,0.138175219,0.184970338,0.05612015,96,799,0.164076512,0.234150712,0.048126335,70,562,0.198243169,0.179025956,0.084081967,51,366,0.124131285,0.16108757,0.064100559,84,716,0.147444444,0.109615152,0.043929293,19,198,0.158446957,0.193603652,0.071081739,73,575,0,0,0
112,7,7,The Secret Code,9-Nov-95,"Alec Berg, Jeff Schaffer",Andy Ackerman,S07E07,8.6,,0.109166667,0.070706881,0.07680982,299,2892,0.116016393,0.074645246,0.065637705,76,610,0.118735849,0.101211698,0.090343396,65,530,0.108816667,0.02086119,0.078092857,28,420,0.129610942,0.147348632,0.049158055,40,329,0.097047619,0.18492381,0,10,84,0.093050054,0.035403156,0.092754081,80,919,0,0,0
113,7,8,The Pool Guy,16-Nov-95,David Mandel,Andy Ackerman,S07E08,8.5,,0.110993911,0.063891737,0.073196289,354,3449,0.087683544,-0.004907825,0.070368239,106,869,0.107849218,0.064333286,0.081967283,60,703,0.111346734,0.075990452,0.092026801,52,597,0.155901437,0.224320329,0.055782341,58,487,0.153639344,0.131784426,0.075536885,35,244,0.092744991,-0.01341439,0.060371585,43,549,0,0,0
114,7,9,The Sponge,7-Dec-95,Peter Mehlman,Andy Ackerman,S07E09,8.5,,0.096699289,0.078834528,0.050906977,325,3096,0.099726452,0.119849806,0.045152258,70,775,0.071351878,-0.061959805,0.088620306,72,719,0.082119835,0.085757851,0.04111157,22,242,0.124614657,0.199701182,0.024593381,46,423,0.093102459,0.039981148,0.047901639,34,244,0.108930736,0.116529293,0.03875469,81,693,0,0,0
115,7,10,The Gum,14-Dec-95,"Tom Gammill, Max Pross",Andy Ackerman,S07E10,8.8,,0.131876095,0.162452347,0.054392053,350,3196,0.104668508,0.073409669,0.04718232,56,362,0.104080346,0.076123362,0.064131026,80,809,0.188854945,0.355801758,0.039392308,71,910,0.080542773,0.009788791,0.075477876,31,339,,,,,,0.129153351,0.133945361,0.05598067,112,776,0,0,0
116,7,11,The Rye,4-Jan-96,Carol Leifer,Andy Ackerman,S07E11,9,,0.119189667,0.106482433,0.063915333,295,3000,0.105730263,0.110457895,0.052429276,61,608,0.089727273,0.032808748,0.055210978,55,583,0.153411602,0.224974309,0.031707182,37,362,0.15472103,0.193369957,0.080881974,32,466,0.10271087,0.015993261,0.087391304,46,460,0.126856046,0.104133205,0.073535509,64,521,0,0,0
117,7,12,The Caddy,25-Jan-96,"Gregg Kavet, Andy Robin",Andy Ackerman,S07E12,8.7,,0.121503683,0.096618697,0.067889802,345,3530,0.113262121,0.038940152,0.081684848,69,660,0.093540755,0.206150298,0.050986083,41,503,0.117122449,0.108155714,0.062677551,57,490,0.180426036,0.261392604,0.046245562,36,338,0.077851064,-0.099885106,0.089638298,6,47,0.124042225,0.050279826,0.07341622,136,1492,0,0,0
118,7,13,The Seven,1-Feb-96,"Alec Berg, Jeff Schaffer",Andy Ackerman,S07E13,8.3,,0.133170318,0.126626497,0.067021034,345,3423,0.121545455,0.228637583,0.043682927,75,902,0.142479062,0.161927136,0.058551089,57,597,0.153260434,0.116061269,0.07166611,62,599,0.129737052,0.002738845,0.08862749,61,502,0.103808354,-0.04237543,0.118034398,29,407,0.148959135,0.184836779,0.047108173,61,416,0,0,0
119,7,14,The Cadillac (1),8-Feb-96,"Larry David, Jerry Seinfeld",Andy Ackerman,S07E14,8.6,,0.13853717,0.196988834,0.046912908,372,3215,0.159051601,0.131379359,0.062725979,88,562,0.180427527,0.452040926,0.025780755,70,821,0.1525,0.306292647,0.042252941,36,340,0.162582375,0.193855939,0.04532567,36,261,0.099401372,0.112125214,0.042025729,72,583,0.08587037,-0.048991667,0.067453704,70,648,0,0,0
120,7,15,The Cadillac (2),8-Feb-96,"Larry David, Jerry Seinfeld",Andy Ackerman,S07E15,8.6,,0.119006745,0.175570152,0.054186341,266,2372,0.143287425,0.21855509,0,27,167,0.139504184,0.349681381,0.027048117,44,478,0.207157895,0.294863158,0,4,19,0.140168174,0.092769259,0.069298373,64,553,0.079314607,0.009576854,0.069573034,60,445,0.105532394,0.213578169,0.065238028,67,710,0,0,0
121,7,16,The Shower Head,15-Feb-96,"Peter Mehlman, Marjorie Gross",Andy Ackerman,S07E16,8.6,,0.087374689,0.02066648,0.061755908,314,3216,0.083857889,-0.101499896,0.089010449,75,957,0.144672269,0.182012045,0.066848739,36,357,0.115051948,0.003447186,0.101935065,25,231,0.113901261,0.144138025,0.047098739,55,476,0.055809066,0.031358104,0.03560989,87,728,0.059259101,0.01367409,0.037835118,36,467,0,0,0
122,7,17,The Doll,22-Feb-96,"Tom Gammill, Max Pross",Andy Ackerman,S07E17,8.3,,0.100124574,0.126158091,0.049294519,313,3813,0.100264966,0.116978508,0.059460255,75,1019,0.090952381,0.091856061,0.04704329,39,462,0.147786192,0.265117372,0.019151448,33,449,0.085828947,0.16239718,0.052578947,44,532,0.064487768,0.019644648,0.047211009,53,654,0.119645624,0.145081205,0.054790531,69,697,0,0,0
123,7,18,The Friars Club (a.k.a. The Gypsies),7-Mar-96,David Mandel,Andy Ackerman,S07E18,8,,0.125586185,0.092349248,0.065590982,389,3127,0.100452586,0.05751972,0.059317888,137,928,0.16538626,0.201327786,0.044256489,78,655,0.115426195,0.118028274,0.055723493,45,481,0.130417625,0.042108429,0.082206897,33,261,0.063396226,0.143675472,0.040603774,9,53,0.131162884,0.037585314,0.094335113,87,749,0,0,0
124,7,19,The Wig Master,4-Apr-96,Spike Feresten,Andy Ackerman,S07E19,8.3,,0.109891248,0.099987227,0.051490669,355,3108,0.061249307,-0.013065374,0.056806094,73,722,0.108472458,0.037984958,0.07620339,38,472,0.116076459,0.170646278,0.040146881,53,497,0.146791762,0.201430435,0.0331373,68,437,0.163884615,0.211530769,0.15625,8,52,0.124742457,0.127617134,0.043633621,115,928,0,0,0
125,7,20,The Calzone,25-Apr-96,"Alec Berg, Jeff Schaffer",Andy Ackerman,S07E20,9,,0.101143597,0.055294546,0.067050397,296,2897,0.053514377,-0.062829233,0.06993131,71,626,0.100749562,0.152571278,0.055308231,48,571,0.12922191,0.249095225,0.021727528,40,356,0.079621951,-0.009485976,0.100240854,54,328,0.153983607,0.157898907,0.062196721,14,183,0.122073229,-0.00247395,0.080301321,69,833,0,0,0
126,7,21,The Bottle Deposit (1),2-May-96,"Gregg Kavet, Andy Robin",Andy Ackerman,S07E21,8.9,,0.103687522,0.135744863,0.053338429,267,2813,0.084298246,-0.01755,0.069833333,65,570,0.102255624,0.146273824,0.051447853,46,489,0.098449074,0.086288426,0.065416667,26,216,0.147130435,0.238504348,0.063996656,32,299,0.028791304,-0.039176087,0.063530435,23,230,0.120655104,0.23725005,0.036869177,75,1009,0,0,0
127,7,22,The Bottle Deposit (2),2-May-96,"Gregg Kavet, Andy Robin",Andy Ackerman,S07E22,8.9,,0.125620136,0.182815566,0.059804713,261,2801,0.134473684,0.148522556,0.041684211,51,399,0.119502165,0.120631169,0.057731602,19,231,0.134589011,0.026798901,0.096643956,47,455,0.102995798,0.063630252,0.060546218,34,238,0.109730435,0.069854203,0.069962319,35,345,0.129738747,0.329658341,0.048565755,75,1133,0,0,0
128,7,23,The Wait Out,9-May-96,Peter Mehlman,Andy Ackerman,S07E23,8.5,,0.100550788,0.154033596,0.043386165,309,3426,0.074191781,0.019061233,0.051826027,81,730,0.138620521,0.431071824,0.035467427,39,614,0.074130901,0.040431974,0.031991416,41,466,0.12259403,0.219767164,0.051710448,56,670,0.089905882,0.309044706,0.022976471,6,85,0.093947735,0.065937515,0.043581882,86,861,0,0,0
129,7,24,The Invitations,16-May-96,Larry David,Andy Ackerman,S07E24,8.9,,0.122782641,0.102670549,0.072581602,332,2696,0.12432636,0.07765537,0.074555091,84,717,0.132206376,0.203627852,0.055536913,77,596,0.126091324,0.019227854,0.112077626,59,438,0.091,0.013334211,0.082268421,20,190,0.096073892,0.039591626,0.093990148,26,203,0.12873913,0.146315761,0.045875,66,552,0,0,0
130,8,1,The Foundation,19-Sep-96,"Alec Berg, Jeff Schaffer",Andy Ackerman,S08E01,8.4,,0.104665441,0.054535662,0.0721875,315,2720,0.087520476,0.041468692,0.074282695,92,757,0.151152263,0.187886008,0.050835391,65,486,0.082341801,-0.082827483,0.093256351,37,433,0.087217582,-0.024105714,0.076885714,52,455,,,,,,0.118232598,0.12303056,0.067994907,69,589,0,0,0
131,8,2,The Soul Mate,26-Sep-96,Peter Mehlman,Andy Ackerman,S08E02,8.2,,0.119972155,0.085892231,0.068444483,306,2909,0.092463458,0.114135116,0.029675579,69,561,0.104328571,-0.145233016,0.113984127,47,630,0.125735905,0.121727596,0.03862908,47,337,0.157492105,0.275212368,0.064634211,40,380,0.126373802,0.165526198,0.098702875,27,313,0.130268895,0.116155378,0.061299419,76,688,0,0,0
132,8,3,The Bizarro Jerry,3-Oct-96,David Mandel,Andy Ackerman,S08E03,9.2,,0.123227166,0.171166444,0.051116427,302,2989,0.097589552,0.135270896,0.046998756,89,804,0.15626789,0.262613761,0.052776147,41,545,0.098474801,0.127801857,0.043344828,38,377,0.132114035,0.200608421,0.044084211,50,570,,,,,,0.133142857,0.140268543,0.064600289,84,693,0,0,0
133,8,4,The Little Kicks,10-Oct-96,Spike Feresten,Andy Ackerman,S08E04,9,,0.114159136,-0.00767685,0.103809758,324,3054,0.085004975,-0.161956716,0.127640796,95,1005,0.143952113,0.094609859,0.10891831,48,355,0.128846939,0.016464286,0.09867517,61,588,0.158362776,0.176802524,0.090288644,57,634,0.067986667,-0.033397333,0.066333333,7,75,0.077697733,-0.034090932,0.075191436,56,397,0,0,0
134,8,5,The Package,17-Oct-96,Jennifer Crittenden,Andy Ackerman,S08E05,8.8,,0.120042991,0.110039402,0.062908411,325,2675,0.085608225,0.003435714,0.067645022,74,462,0.132029954,0.148513134,0.043705069,55,434,0.142394904,0.177901274,0.078303609,44,471,0.121369478,0.092961847,0.069833333,53,498,0.166167224,0.23615786,0.064317726,24,299,0.092111546,0.054042466,0.053172211,75,511,0,0,0
135,8,6,The Fatigues,31-Oct-96,"Gregg Kavet, Andy Robin",Andy Ackerman,S08E06,8.3,,0.10479777,0.005994271,0.085969627,271,2601,0.09982659,0.061657033,0.073111753,76,519,0.075952381,-0.13485119,0.110869048,34,336,0.099657895,-0.014616959,0.069236842,31,342,0.158295265,0.146683565,0.077281337,35,359,0.048493289,-0.233622148,0.102419463,21,298,0.120330656,0.06808581,0.088977242,74,747,0,0,0
136,8,7,The Checks,7-Nov-96,"Steve O'Donnell and Tom Gammill, Max Pross",Andy Ackerman,S08E07,8.4,,0.139555556,0.177982906,0.04491514,357,3276,0.120105,0.099099125,0.07235125,104,800,0.108979516,0.07881527,0.049664804,44,537,0.187105008,0.340481906,0.025822294,52,619,0.120259794,0.193736289,0.028313402,57,485,,,,,,0.153813174,0.187722754,0.039371257,100,835,0,0,0
137,8,8,The Chicken Roaster,14-Nov-96,"Alec Berg, Jeff Schaffer",Andy Ackerman,S08E08,9.1,,0.103921424,0.069407623,0.064239087,319,2978,0.077414322,0.01301202,0.059226343,80,782,0.09521161,0.047940824,0.054634831,51,534,0.123188492,0.037846627,0.100565476,46,504,0.110835052,0.151742474,0.044717526,52,485,0.240827957,0.303853763,0.017526882,14,93,0.103203448,0.086192931,0.072087931,76,580,0,0,0
138,8,9,The Abstinence,21-Nov-96,Steve Koren,Andy Ackerman,S08E09,9.1,,0.111959333,0.072931839,0.067020507,309,2877,0.106689384,-0.008835125,0.074347313,85,763,0.126493849,0.194713708,0.035347979,59,569,0.08860815,0.061254232,0.051655172,36,319,0.145629156,0.181532481,0.060212276,39,391,,,,,,0.10002515,0.018269102,0.090966467,90,835,0,0,0
139,8,10,The Andrea Doria,19-Dec-96,Spike Feresten,Andy Ackerman,S08E10,8.5,,0.094183306,-0.015666084,0.072035496,301,3606,0.083879562,-0.022460462,0.06486618,83,822,0.091603727,-0.133146335,0.073607453,46,805,0.07765237,-0.157626411,0.104641084,33,443,0.136365049,0.30644233,0.05064466,33,515,0.059569915,-0.008270763,0.052023305,34,472,0.116921676,-0.027198725,0.09142623,72,549,0,0,0
140,8,11,The Little Jerry,9-Jan-97,Jennifer Crittenden,Andy Ackerman,S08E11,8.5,,0.117384265,0.100955462,0.064553641,345,3076,0.079923896,0.046262861,0.071062405,95,657,0.149887519,0.13352527,0.084272727,53,649,0.152562771,0.079028571,0.044829004,52,462,0.088209184,0.089233163,0.051005102,39,392,0.102971831,0.283709859,0,6,71,0.117057988,0.120535385,0.06684142,100,845,0,0,0
141,8,12,The Money,16-Jan-97,Peter Mehlman,Andy Ackerman,S08E12,8,,0.109819547,0.129178422,0.048434207,362,3397,0.12270101,0.11464,0.042216162,60,495,0.07925102,0.096889184,0.055957143,57,490,0.144269903,0.159704466,0.055046602,50,515,0.146738636,0.1853025,0.050645455,52,440,0.072089202,0.084751761,0.042150235,90,852,0.120996694,0.162987107,0.049041322,53,605,0,0,0
142,8,13,The Comeback,30-Jan-97,"Gregg Kavet, Andy Robin",David Owen Trainor,S08E13,8.8,,0.114851952,0.078378981,0.068621053,286,2945,0.110652961,0.116231908,0.059350329,61,608,0.167507042,0.137650302,0.088641851,35,497,0.11859633,0.132505505,0.037833028,46,545,0.084466403,-0.039529644,0.091713439,64,506,,,,,,0.101820025,0.050103169,0.0696109,80,789,0,0,0
143,8,14,The Van Buren Boys,6-Feb-97,Darin Henry,Andy Ackerman,S08E14,8.3,,0.111958014,0.15261444,0.054688794,301,3525,0.138123616,0.268665498,0.063863469,51,542,0.104184704,0.153935209,0.039246753,54,693,0.106726474,0.169350565,0.060220828,49,797,0.10889613,0.038386965,0.068955193,42,491,0.192291139,0.235755696,0.071329114,11,79,0.101699892,0.122672806,0.047105092,94,923,0,0,0
144,8,15,The Susie,13-Feb-97,David Mandel,Andy Ackerman,S08E15,8.7,,0.110236698,0.113511085,0.060328104,295,2932,0.066115546,0.015257143,0.057302521,70,476,0.11666041,0.153261945,0.041674061,54,586,0.103547963,0.144698817,0.068381078,59,761,0.105026585,0.047057669,0.064006135,55,489,,,,,,0.150358065,0.165505806,0.067496774,57,620,0,0,0
145,8,16,The Pothole,20-Feb-97,Steve O'Donnell and Dan O'Keefe,Andy Ackerman,S08E16,8.8,,0.120054252,0.173871994,0.04794978,297,2728,0.130472422,0.183870504,0.062685851,91,834,0.073405276,0.263304796,0.034681055,34,417,0.156270677,0.351504887,0.014398496,42,532,0.121572761,0.052148507,0.07563806,62,536,0.0775,-0.021096429,0.095535714,4,28,0.098727034,-0.008359055,0.034614173,64,381,0,0,0
146,8,17,The English Patient,13-Mar-97,Steve Koren,Andy Ackerman,S08E17,8.7,,0.102975854,0.098384541,0.051703669,387,3189,0.07986509,0.069192768,0.034442281,103,719,0.109078341,0.168232488,0.030695853,42,434,0.096135678,0.027380905,0.054570352,45,398,0.105906915,-0.020748936,0.12581383,41,376,0.102842308,0.168141154,0.02945,26,260,0.118567864,0.143885329,0.05001497,130,1002,0,0,0
147,8,18,The Nap,10-Apr-97,"Gregg Kavet, Andy Robin",Andy Ackerman,S08E18,8.9,,0.094846777,0.023777311,0.074260037,281,2715,0.090026764,0.072582725,0.065199513,58,411,0.102281465,0.069531579,0.072775744,44,437,0.086036011,-0.042716898,0.102432133,39,361,0.1264238,0.10932547,0.065223382,54,479,,,,,,0.0819815,-0.031750243,0.072829601,86,1027,0,0,0
148,8,19,The Yada Yada,24-Apr-97,Peter Mehlman and Jill Franklyn,Andy Ackerman,S08E19,9,,0.101917441,0.132504718,0.047618656,294,2798,0.117749611,0.126242924,0.048247278,80,643,0.090575646,0.102309963,0.032575646,32,271,0.095585714,0.107125143,0.036845714,39,350,0.080994275,0.239027099,0.038723282,36,524,,,,,,0.107930693,0.098122772,0.05960297,107,1010,0,0,0
149,8,20,The Millennium,1-May-97,Jennifer Crittenden,Andy Ackerman,S08E20,8.3,,0.106770745,0.064705904,0.069453263,305,3049,0.135865,0.084253667,0.080866667,90,600,0.084762402,-0.099372846,0.095417755,37,383,0.119913105,0.198006838,0.043071225,55,702,0.078827338,-0.096661151,0.082478417,30,278,0.133842105,0.153417895,0.053247368,13,190,0.089328125,0.048568638,0.070776786,80,896,0,0,0
150,8,21,The Muffin Tops,8-May-97,Spike Feresten,Andy Ackerman,S08E21,8.7,,0.105495507,0.109260998,0.052305491,287,3005,0.087302231,0.072823529,0.050462475,56,493,0.099597802,0.095728352,0.029683516,40,455,0.115109924,0.145238626,0.064964885,62,655,0.10495,0.092753,0.06556,38,400,0.072947368,0.116339474,0,3,38,0.112560166,0.116408195,0.051885892,88,964,0,0,0
151,8,22,The Summer of George,15-May-97,"Alec Berg, Jeff Schaffer",Andy Ackerman,S08E22,8.7,,0.103063365,0.068231391,0.063419883,328,2746,0.118121417,0.124577234,0.057247892,100,593,0.075778157,0.055361092,0.042228669,59,586,0.120004167,0.101252083,0.062085417,49,480,0.089174699,-0.08701506,0.092424699,35,332,,,,,,0.107750993,0.081239073,0.072809272,85,755,0,0,0
152,9,1,The Butter Shave,25-Sep-97,"Alec Berg, Jeff Schaffer, David Mandel",Andy Ackerman,S09E01,8.6,,0.122387144,0.049300438,0.087107378,312,2738,0.099010057,-0.077482902,0.10662069,89,696,0.164439739,0.15975684,0.083273616,64,614,0.10575174,0.128099768,0.051176334,45,431,0.089809061,-0.015996117,0.082407767,30,309,0.120392857,0.011947222,0.104400794,31,252,0.141169725,0.086108028,0.090211009,53,436,0,0,0
153,9,2,The Voice,2-Oct-97,"Alec Berg, Jeff Schaffer, David Mandel",Andy Ackerman,S09E02,8.6,,0.12185966,0.12957231,0.065598804,372,3178,0.12620202,0.151835556,0.060706061,117,990,0.148879237,0.18464322,0.065682203,54,472,0.097010101,0.003991246,0.05286532,54,594,0.143292978,0.206221308,0.087302663,52,413,0.196217391,0.160275,0.060880435,13,92,0.092711507,0.116736629,0.071820097,82,617,0,0,0
154,9,3,The Serenity Now,9-Oct-97,Steve Koren,Andy Ackerman,S09E03,9,,0.123318831,0.159199675,0.057792532,307,3080,0.132814516,0.063525484,0.087930645,77,620,0.135972519,0.249261069,0.055509924,58,655,0.106340807,0.119467713,0.029477578,36,446,0.14886055,0.293635596,0.039566972,52,545,0.080692483,0.03658246,0.065138952,41,439,0.118490667,0.155492,0.063514667,43,375,0,0,0
155,9,4,The Blood,16-Oct-97,Dan O'Keefe,Andy Ackerman,S09E04,8.4,,0.102661412,0.077222001,0.069634339,303,2918,0.084865872,-0.002401192,0.085803279,89,671,0.138793173,0.267651807,0.031993976,44,498,0.097168421,0.112242406,0.05584812,53,665,0.122113872,0.030584472,0.096540373,42,483,0.073564626,-0.026867347,0.107442177,18,147,0.086101322,0.018040529,0.066352423,57,454,0,0,0
156,9,5,The Junk Mail,30-Oct-97,Spike Feresten,Andy Ackerman,S09E05,8.3,,0.114348134,0.119487548,0.066072072,321,3108,0.096880987,0.063584325,0.065943396,77,689,0.085922481,0.048066667,0.074505814,57,516,0.12898452,0.05699613,0.08227709,59,646,0.183468182,0.31632,0.031240909,23,220,0.126152918,0.259351308,0.0512334,48,497,0.107262963,0.124903333,0.066638889,57,540,0,0,0
157,9,6,The Merv Griffin Show,6-Nov-97,Bruce Eric Kaplan,Andy Ackerman,S09E06,9.2,,0.10924194,0.126681947,0.056804421,298,3257,0.1032352,0.08764448,0.0529632,68,625,0.113501053,0.159747158,0.043928421,49,475,0.129155231,0.19387604,0.049098988,58,889,0.111675676,0.145244075,0.058740125,47,481,0.031337209,-0.111038372,0.114453488,12,86,0.094345221,0.070294579,0.07032525,64,701,0,0,0
158,9,7,The Slicer,13-Nov-97,"Gregg Kavet, Andy Robin",Andy Ackerman,S09E07,8.6,,0.102808693,0.026125069,0.083747475,344,3267,0.083517018,0.002591248,0.074277147,81,617,0.086803717,-0.044294657,0.08945993,75,861,0.132793578,0.178259862,0.062941514,81,872,0.107017021,-0.01289383,0.111210638,61,470,,,,,,0.097346756,-0.061505593,0.097527964,46,447,0,0,0
159,9,8,The Betrayal,20-Nov-97,"David Mandel, Peter Mehlman",Andy Ackerman,S09E08,9.1,,0.115219939,0.080100964,0.073587012,438,3942,0.115243047,0.068756711,0.072412334,100,827,0.13507751,0.109670394,0.077385006,67,787,0.172754653,0.242833841,0.0882978,51,591,0.071689189,-0.002858354,0.066164619,79,814,0.18654386,0.204265789,0.063578947,15,114,0.087597033,0.010026205,0.069224969,126,809,0,0,0
160,9,9,The Apology,11-Dec-97,Jennifer Crittenden,Andy Ackerman,S09E09,8.5,,0.119047537,0.08197047,0.067719677,318,3471,0.099008306,0.026878073,0.078146179,67,602,0.143989101,0.156244823,0.061317439,62,734,0.145672447,0.181646243,0.048462428,41,519,0.131352834,0.158331444,0.06359415,45,547,0.035352332,0.012643523,0.064580311,22,193,0.106901826,-0.033866096,0.08059589,81,876,0,0,0
161,9,10,The Strike,18-Dec-97,"Dan O'Keefe, Alec Berg, Jeff Schaffer",Andy Ackerman,S09E10,8.9,,0.119812681,0.115283729,0.066515634,365,3454,0.124791587,0.097557935,0.06323327,71,523,0.134343931,0.163937861,0.073995665,66,692,0.14176873,0.209462378,0.063824104,51,614,0.092809689,0.023636851,0.073176471,54,578,0.099035135,-0.008035676,0.091848649,30,370,0.115610044,0.139473264,0.044314623,93,677,0,0,0
162,9,11,The Dealership,8-Jan-98,Steve Koren,Andy Ackerman,S09E11,8.7,,0.090184978,0.077221568,0.064201979,352,3941,0.079394243,0.071090113,0.056418023,71,799,0.075222391,-0.008168012,0.078348819,76,1313,0.134779886,0.177240038,0.09302277,37,527,0.104408805,0.174469497,0.053896226,40,318,0.097026471,0.114232941,0.051535294,37,340,0.086950311,0.109515217,0.033208075,91,644,0,0,0
163,9,12,The Reverse Peephole (a.k.a. The Man Fur),15-Jan-98,Spike Feresten,Andy Ackerman,S09E12,8.5,,0.124739116,0.177032293,0.044116558,332,2917,0.100639742,0.080628271,0.052113086,84,619,0.10415534,0.134537136,0.047381068,45,412,0.146052133,0.234243602,0.036488152,58,633,0.146,0.287804074,0.032318519,57,540,0.086607029,0.099951118,0.040635783,36,313,0.1506425,0.19022475,0.0591025,52,400,0,0,0
164,9,13,The Cartoon,29-Jan-98,Bruce Eric Kaplan,Andy Ackerman,S09E13,8.2,,0.126411935,0.178519763,0.061188643,275,3117,0.089432464,-0.074064455,0.10135545,89,844,0.097564644,0.039424538,0.05205277,47,379,0.144768496,0.267331742,0.057169451,32,419,0.163718845,0.326277812,0.024232523,52,658,0.2905,0.59765,0.041,2,34,0.131936143,0.328214176,0.056398467,53,783,0,0,0
165,9,14,The Strongbox,5-Feb-98,Dan O'Keefe,Andy Ackerman,S09E14,8.1,,0.082199156,0.015491055,0.072763713,338,3555,0.069564436,-0.049345255,0.07903996,102,1001,0.072152299,0.030873994,0.068456897,60,696,0.117512238,0.103456993,0.067218531,40,572,0.089797583,0.119057855,0.039666163,68,662,,,,,,0.073241987,-0.088167788,0.107695513,68,624,0,0,0
166,9,15,The Wizard,26-Feb-98,Steve Lookner,Andy Ackerman,S09E15,8.3,,0.091242203,0.087233344,0.048888852,341,3014,0.07714827,0.129079407,0.033019769,65,607,0.080248848,-0.019035023,0.075233487,58,651,0.140273782,0.258261253,0.012290023,38,431,0.110571429,0.081055252,0.081226891,65,476,0.087198391,0.112005362,0.039246649,41,373,0.063693277,0.011115546,0.041451681,74,476,0,0,0
167,9,16,The Burning,19-Mar-98,Jennifer Crittenden,Andy Ackerman,S09E16,8.6,,0.105932564,0.021662568,0.08401767,287,2773,0.078986154,-0.026891846,0.079566154,67,650,0.090094017,0.027382479,0.07287037,56,702,0.168789644,0.348892233,0.05261165,30,309,0.163434211,0.053623355,0.080200658,44,304,0.124391667,-0.036034167,0.123966667,21,120,0.090693314,-0.089327907,0.108421512,69,688,0,0,0
168,9,17,The Bookstore,9-Apr-98,Spike Feresten,Andy Ackerman,S09E17,8.5,,0.097595966,0.047978887,0.0713162,301,3074,0.093678466,-0.054253687,0.101966077,76,678,0.083597668,0.025761808,0.045524781,36,343,0.091636743,0.230111065,0.029160752,37,479,0.138798544,0.051517476,0.096038835,36,412,0.12368125,0.106205938,0.074753125,36,320,0.079768409,0.011877078,0.067720903,80,842,0,0,0
169,9,18,The Frogger,23-Apr-98,"Gregg Kavet, Andy Robin",Andy Ackerman,S09E18,9,,0.129953281,0.085209714,0.064849462,299,2697,0.131766839,0.111629534,0.05182038,72,579,0.115144231,0.123638846,0.0467,54,520,0.10122792,-0.058960684,0.102213675,33,351,0.094657534,0.04203653,0.074885845,41,438,,,,,,0.169746601,0.127525464,0.064195303,99,809,0,0,0
170,9,19,The Maid,30-Apr-98,"Alec Berg, David Mandel, Jeff Schaffer",Andy Ackerman,S09E19,8.3,,0.09580292,0.054141022,0.071659489,364,2740,0.124542811,0.068157997,0.072736672,105,619,0.090358663,0.055882067,0.075799392,45,329,0.119154399,0.079262298,0.072743268,56,557,0.070695364,0.018076821,0.099313466,58,453,,,,,,0.073255754,0.045311381,0.052273657,100,782,0,0,0
171,9,20,The Puerto Rican Day,7-May-98,"Alec Berg, Jennifer Crittenden, Spike Feresten, Bruce Eric Kaplan, Gregg Kavet, Steve Koren, David Mandel, Dan O'Keefe, Andy Robin and Jeff Schaffer.",Andy Ackerman,S09E20,8.2,,0.104707974,0.074493894,0.073826149,316,2784,0.068290598,0.024090256,0.054018803,75,585,0.109635104,0.038387991,0.084027714,49,433,0.126920502,0.128899721,0.072577406,57,717,0.109394209,0.08597461,0.068870824,48,449,,,,,,0.106608333,0.0760875,0.090976667,87,600,0,0,0
172,9,23,The Finale,14-May-98,Larry David,Andy Ackerman,S09E23,7.7,,0.115230461,0.034925637,0.084556255,713,6986,0.122067466,0.065924363,0.076808096,151,1334,0.111220513,-0.022854667,0.10644,126,975,0.144574209,0.170964477,0.057306569,38,411,0.126094017,0.140492479,0.065490598,75,585,0.132590133,0.014550285,0.109948767,45,527,0.104838935,0.00577305,0.083912809,278,3154,1,0,1
