,SEID,EpisodeNo,Season,SentimentTotal,LineCountTotal,WordCountTotal,SentimentJerry,LineCountJerry,WordCountJerry,SentimentGeorge,LineCountGeorge,WordCountGeorge,SentimentKramer,LineCountKramer,WordCountKramer,SentimentElaine,LineCountElaine,WordCountElaine,SentimentMainChars,LineCountMainChars,WordCountMainChars,SentimentSecondary,LineCountSecondary,WordCountSecondary,SentimentOther,LineCountOther,WordCountOther
0,S01E01,1,1,0.173523823,557,6582,0.235595284,250,3902,0.105265635,98,969,-0.154942308,7,52,-0.007464829,53,381,0.190496625,408,5304,0.118820267,59,449,0.094558987,90,829
1,S01E02,2,1,-0.002193023,280,3268,-0.134019523,110,1552,-0.008671108,68,623,0.234742169,18,249,0.167878421,57,570,-0.019792552,253,2994,,,,0.190117153,27,274
2,S01E03,3,1,0.131158057,241,3376,0.199044523,102,1698,0.02960266,51,639,0.093930662,24,287,-0.126342793,19,222,0.125018869,196,2846,,,,0.16412434,45,530
3,S01E04,4,1,0.039516662,230,3277,0.108037168,102,1730,-0.161306535,44,658,0.10757839,18,236,0.022277067,29,375,0.038181727,193,2999,,,,0.053917626,37,278
4,S02E01,1,2,0.104272274,245,3448,0.184650414,107,1569,-0.071880337,55,890,0.121662745,37,255,0.145096095,23,461,0.101938992,222,3175,,,,0.131408425,23,273
5,S02E02,2,2,-0.018270767,250,3195,-0.033039806,90,1442,-0.363846502,12,243,0.06748945,23,218,-0.104083929,31,336,-0.069815811,156,2239,0.153109282,67,571,0.027317143,27,385
6,S02E03,3,2,-0.046419233,261,2870,-0.230907646,97,994,-0.187064036,53,773,0.172663,35,300,0.304976582,33,474,-0.069958638,218,2541,,,,0.135385106,43,329
7,S02E04,4,2,0.149174364,264,3343,0.123770046,92,1095,0.123965291,89,1478,0.443905217,9,115,0.184330688,15,189,0.14064529,205,2877,,,,0.20183133,59,466
8,S02E05,5,2,0.1544617,281,3423,0.204311784,102,1553,-0.008668958,43,451,0.199147973,29,296,0.124352057,51,559,0.15454603,225,2859,,,,0.15403422,56,564
9,S02E06,6,2,0.117701012,292,3262,0.21266417,87,1415,-0.128041324,56,559,-0.049652206,30,272,0.117043519,41,324,0.098739844,214,2570,,,,0.188120376,78,692
10,S02E07,7,2,0.130014079,271,2976,0.087469034,83,1056,0.194970155,83,774,-0.211977926,32,299,0.19320623,22,305,0.098118611,220,2434,0,3,12,0.279436226,48,530
11,S02E08,8,2,0.099444535,224,2946,0.013884407,60,1071,0.078486033,59,673,0.126134437,18,302,0.006646078,18,204,0.047617644,155,2250,,,,0.266988362,69,696
12,S02E09,9,2,0.069210375,294,2477,0.0247,134,1160,-0.002746832,52,647,0.375746857,19,175,0.165810256,82,429,0.06792331,287,2411,,,,0.116227273,7,66
13,S02E10,10,2,-0.065782468,233,3274,-0.062676466,75,1262,-0.094480519,43,693,0.005182955,29,528,0.017871158,40,423,-0.046206676,187,2906,,,,-0.220367391,46,368
14,S02E11,11,2,0.114237044,239,2767,0.125065346,75,984,0.106633333,48,732,,,,0.105219569,60,649,0.113914334,183,2365,,,,0.116135572,56,402
15,S02E12,12,2,-0.047111993,223,3227,-0.119275766,57,1077,0.178322581,49,682,-0.082981215,23,181,-0.207213151,50,806,-0.068782739,179,2746,,,,0.07660499,44,481
16,S03E01,1,3,0.090209015,335,3006,0.058110404,108,1288,0.039777576,91,660,0.365343675,24,332,-0.0563184,45,250,0.08233751,268,2530,,,,0.132047059,67,476
17,S03E02,2,3,0.233110315,261,2763,0.347576923,78,1209,0.147462069,68,696,0.146054217,32,249,0.113497329,52,337,0.239851546,230,2491,,,,0.171373529,31,272
18,S03E03,3,3,0.074654484,391,3691,0.122163697,107,1201,,,,,,,0.068823288,41,292,0.111731413,148,1493,0.023227671,148,1254,0.084329661,95,944
19,S03E04,4,3,0.060858415,261,2864,-0.009315299,93,1255,-0.002143678,53,348,0.183640392,21,255,0.145281978,68,627,0.050496338,235,2485,,,,0.128799736,26,379
20,S03E05,5,3,0.119954098,226,2867,0.278569668,74,1055,0.016812531,37,399,0.01979772,33,307,-0.15045,26,260,0.132389955,170,2021,,,,0.090246217,56,846
21,S03E06,6,3,0.081017598,281,2989,0.12139912,73,1023,0.188216536,65,768,-0.092200493,51,406,0.003688147,59,599,0.083518383,248,2796,,,,0.044788601,33,193
22,S03E07,7,3,0.110967075,343,2697,0.143057177,92,843,0.092968041,77,679,0.059221901,30,242,0.01721318,80,478,0.092008073,279,2242,,,,0.204387033,64,455
23,S03E08,8,3,0.074612623,316,2947,0.000601739,107,1035,0.112965521,99,844,0.031991942,45,484,0.225888756,49,418,0.074027796,300,2781,,,,0.084410241,16,166
24,S03E09,9,3,0.156508484,264,2758,0.204866507,47,418,0.192490974,69,842,0.127020909,35,440,0.124228571,41,287,0.17073699,192,1987,,,,0.11983917,72,771
25,S03E10,10,3,0.098853813,331,3016,0.092346885,121,915,0.075959977,76,872,0.179083333,14,168,0.006433117,34,308,0.080778568,245,2263,,,,0.153175564,86,753
26,S03E11,11,3,0.056722096,317,3340,0.05619787,113,1080,-0.144752022,40,371,-0.023461749,50,549,0.267101305,59,766,0.07184013,262,2766,,,,-0.01612892,55,574
27,S03E12,12,3,0.082357959,282,2959,0.101651524,90,1017,0.020721592,86,917,0.108657927,8,164,0.005806931,60,505,0.054987975,244,2603,,,,0.282481742,38,356
28,S03E13,13,3,0.139143849,180,2219,0.104297994,33,349,-0.172828544,41,515,0.080237668,16,223,0.016339344,24,122,-0.027063937,114,1209,,,,0.338099505,66,1010
29,S03E14,14,3,0.137795782,288,2845,0.175908651,79,867,0.174016187,75,834,0.225601481,27,270,0.124216498,36,297,0.174359347,217,2268,,,,-0.005923744,71,577
30,S03E15,15,3,0.065781542,331,2931,0.054179472,111,1023,0.141160674,55,534,0.140421475,46,461,0.025273894,26,226,0.089684314,238,2244,-0.026898148,24,162,-0.007787429,69,525
31,S03E16,16,3,0.08890613,300,2871,0.141001081,99,740,0.105962029,69,769,0.12266936,16,297,0.060538347,80,605,0.107376234,264,2411,,,,-0.007901304,36,460
32,S03E17,17,3,0.094495115,301,2989,0.053014632,114,1155,0.005500772,63,777,0.300662278,35,395,0.025513214,44,280,0.073422056,256,2607,0.209978947,10,95,0.247688502,35,287
33,S03E18,18,3,0.175529479,229,2439,0.336140799,53,576,0.218317541,44,610,0.232077778,32,279,0.0758625,34,264,0.238038288,163,1729,-0.061564062,8,64,0.031715635,58,646
34,S03E19,19,3,0.021282201,271,2753,0.10381877,68,618,0.00353159,84,937,-0.041481421,30,366,0.018039412,31,170,0.02647231,213,2091,,,,0.004888671,58,662
35,S03E20,20,3,0.056980611,308,2914,0.04011856,107,1083,0.162551186,58,506,0.010410687,28,262,0.070158077,77,749,0.069605885,270,2600,,,,-0.047559873,38,314
36,S03E21,21,3,0.150534769,303,3296,0.092979616,65,834,0.098756217,55,571,0.223609571,32,303,0.077308419,54,487,0.109037677,206,2195,,,,0.233265123,97,1101
37,S03E22,22,3,0.091193843,397,3703,0.097793836,85,584,0.094262717,96,1038,0.039902386,58,461,0.148075979,63,766,0.100659003,302,2849,0.019692,10,50,0.062100373,85,804
38,S03E23,23,3,0.024979805,295,3080,-0.075284,84,750,0.064890963,62,509,0.205947612,56,649,0.141954373,33,263,0.067968908,235,2171,-0.177089157,10,83,-0.067704964,50,826
39,S04E01,1,4,0.217141638,289,2930,0.226481509,62,530,0.229450671,79,969,0.417077376,38,442,,,,0.271365842,179,1941,,,,0.11072184,110,989
40,S04E02,2,4,0.057513379,266,2459,-0.034961518,90,751,0.063531014,83,661,0.124109302,34,430,,,,0.037516232,207,1842,,,,0.117213128,59,617
41,S04E03,3,4,0.167119951,360,3283,0.164759195,151,1392,0.139812154,100,938,0.138426648,38,364,0.16392,3,10,0.152557359,292,2704,0.241324427,25,262,0.230008517,43,317
42,S04E04,4,4,0.113758878,351,3244,0.160462288,110,944,0.145392908,81,705,0.040690087,60,343,0.197311111,3,18,0.13506801,254,2010,0.066025433,53,751,0.099300207,44,483
43,S04E05,5,4,0.116992345,362,3488,0.063424666,91,823,0.071347536,36,345,0.12633913,36,414,0.091549872,45,391,0.083585302,208,1973,0.1043956,110,1091,0.304858255,44,424
44,S04E06,6,4,0.054858214,345,3549,-0.107641591,72,880,0.245148396,51,748,0.294224444,47,495,0.258023333,29,240,0.125354676,199,2363,-0.04066803,74,538,-0.122904167,72,648
45,S04E07,7,4,0.11164973,363,3513,0.099730636,100,1100,0.087337252,68,706,0.324329062,24,320,0.008800872,46,344,0.112622105,238,2470,0.091629016,27,193,0.11337,98,850
46,S04E08,8,4,0.237595847,338,4093,0.211342764,102,1534,0.175375548,88,912,0.40322338,27,355,0.0965,27,330,0.210517918,244,3131,0.437544574,19,258,0.284746733,75,704
47,S04E09,9,4,0.052231014,299,3305,-0.080206769,94,1433,0.240754734,36,433,0.205220335,55,418,0.096458153,48,509,0.044464662,233,2793,0.051036667,8,60,0.100379425,58,452
48,S04E10,10,4,0.037316643,316,3569,0.033822815,118,1350,0.023521414,76,1004,-0.059688382,34,241,0.108121519,24,474,0.034584881,252,3069,-0.187308333,6,60,0.087001364,58,440
49,S04E11,11,4,0.062182091,339,3568,0.223709345,91,824,0.07144652,77,862,0.214701179,29,424,-0.206680857,66,747,0.06390133,263,2857,0.118974059,16,239,0.023018644,60,472
50,S04E12,12,4,0.152554745,245,2645,0.236063937,53,574,0.289351885,37,557,-0.045354642,33,377,0.222598228,50,508,0.194767312,173,2016,,,,0.017259777,72,629
51,S04E13,13,4,0.070785491,288,3198,0.058123759,79,947,0.184272886,50,745,0.058527059,50,425,0.07953211,46,545,0.097875845,225,2662,0.061216327,10,49,-0.076330801,53,487
52,S04E14,14,4,0.040133246,234,2283,0.056613821,35,246,0.159627447,43,470,0.222688971,15,136,-0.131936222,56,577,0.03016823,149,1429,,,,0.056807728,85,854
53,S04E15,15,4,0.167689927,299,3167,0.066731379,102,972,0.283287084,57,751,0.373079224,18,361,0.256901253,59,479,0.208875849,236,2563,,,,-0.007077483,63,604
54,S04E16,16,4,0.101034672,304,3461,0.138713853,88,859,0.128167107,57,757,0.260345912,23,318,-0.073235345,36,464,0.110503128,204,2398,,,,0.079674976,100,1063
55,S04E17,17,4,0.062636996,204,1884,0.050514433,64,679,0.076412263,66,579,-0.140755952,12,84,-0.033494531,16,128,0.042470204,158,1470,,,,0.13424372,46,414
56,S04E18,18,4,0.06316748,247,2500,0.157296055,62,507,0.256330408,34,490,-0.022311111,34,288,0.046749864,28,367,0.130800605,158,1652,0.062596347,24,219,-0.114264706,65,629
57,S04E19,19,4,0.065658021,275,2880,0.129711312,77,831,-0.109480597,34,402,0.066307872,35,343,0.026791477,44,352,0.049768205,190,1928,,,,0.097838235,85,952
58,S04E20,20,4,0.177315585,378,3266,0.182943993,144,1207,0.200195597,68,636,0.133305714,58,455,0.203845524,42,391,0.181664373,312,2689,,,,0.157048873,66,577
59,S04E21,21,4,0.083097918,238,2305,-0.066022657,65,715,0.242789402,57,585,0.42981018,13,167,-0.077827922,35,308,0.080356563,170,1775,0.046204142,28,169,0.113848476,40,361
60,S04E22,22,4,0.169379025,325,3137,0.222862402,81,891,0.071450549,73,728,0.302315417,51,480,0.161167711,58,415,0.184002546,263,2514,-0.154795918,19,196,0.232083372,43,427
61,S04E23,23,4,0.06238609,347,3501,0.016402199,87,773,-0.180488226,50,603,0.16667265,31,351,0.023983217,44,572,-0.010411048,212,2299,,,,0.201621215,135,1202
62,S04E24,24,4,0.081989488,278,2949,0.137870015,76,657,0.186366066,44,666,-0.269221528,12,144,0.269075719,28,313,0.146153483,160,1780,-0.07525,2,8,-0.015300775,116,1161
63,S05E01,1,5,0.082279514,364,2963,0.15379785,133,1070,0.096439819,64,663,0.071417424,47,396,0.006525547,69,411,0.102152205,313,2540,,,,-0.037050591,51,423
64,S05E02,2,5,0.187696977,297,3573,0.050075035,71,709,0.107748534,67,921,0.353199838,48,619,0.370031818,25,264,0.179490131,211,2513,-0.016379724,35,434,0.362126837,51,626
65,S05E03,3,5,0.068335726,324,2939,0.057274514,96,926,0.116848562,72,591,0.169392326,39,417,-0.14161901,47,505,0.049697704,254,2439,,,,0.159252,70,500
66,S05E04,4,5,0.158106176,347,3044,-0.022237077,80,650,0.234426061,32,330,0.252398481,49,395,0.276591011,61,623,0.167627678,222,1998,0.161660269,58,521,0.118343048,67,525
67,S05E05,5,5,-0.067779904,268,3319,0.05426301,70,711,0.087946912,43,761,-0.078506222,46,450,0.164939039,44,333,0.055479157,203,2255,,,,-0.329010338,65,1064
68,S05E06,6,5,0.201504182,297,3467,0.268608252,79,1030,0.185539336,75,844,0.28371299,42,408,0.069174066,33,455,0.212090172,229,2737,0,3,93,0.185438305,65,637
69,S05E07,7,5,0.110489467,340,3209,0.093349447,74,633,0.089991447,55,456,0.174278743,47,334,0.101892615,63,650,0.108328799,239,2073,0.1945925,34,400,0.070866984,67,736
70,S05E08,8,5,0.113637062,291,2771,-0.100491911,76,717,0.302766046,51,483,0.006710976,35,246,0.273846691,27,272,0.087497381,189,1718,0.103690857,19,175,0.16676754,83,878
71,S05E09,9,5,0.105287562,370,3843,-0.026312124,97,1163,0.208485783,64,830,0.093273278,29,363,0.303871707,57,615,0.122242174,247,2971,,,,0.04752133,123,872
72,S05E10,10,5,0.147707534,339,3252,0.14931108,80,1065,0.118491758,44,364,0.324878512,37,363,0.033284767,60,407,0.151716735,221,2199,0.006102564,35,312,0.195432928,83,741
73,S05E11,11,5,0.124379985,302,2718,0.101876705,76,777,0.052689555,60,584,0.163913575,34,221,0.147077885,38,312,0.101394984,208,1894,0.026242017,16,119,0.202694894,78,705
74,S05E12,12,5,0.140737805,357,3280,0.169540718,94,975,0.264496381,48,525,0.091784293,56,382,0.163390824,80,752,0.175434434,278,2634,,,,-0.000734211,79,646
75,S05E13,13,5,0.06198982,347,3507,0.165543337,75,803,-0.019286749,80,1049,0.170315701,59,535,0.024919048,92,861,0.069357666,306,3248,,,,-0.03040695,41,259
76,S05E14,14,5,0.244350797,351,3640,0.234209952,106,1035,0.289508931,53,851,0.228143132,33,364,0.252712117,75,718,0.253797439,267,2968,,,,0.202628125,84,672
77,S05E15,15,5,0.072289823,304,3056,0.039861412,77,850,0.067429245,53,636,0.070525945,36,397,0.09177618,45,466,0.062807024,211,2349,,,,0.103796322,93,707
78,S05E16,16,5,0.066563308,346,3603,0.166924643,82,840,0.122821994,57,682,0.236838393,43,336,0.224116357,36,269,0.17106079,218,2127,,,,-0.084023509,128,1476
79,S05E17,17,5,0.154316164,347,3217,0.190005299,91,887,0.053374916,25,299,0.077348548,24,241,0.262612816,58,593,0.177655545,198,2020,-0.113807143,10,56,0.126156091,139,1141
80,S05E18,18,5,0.108770621,730,6668,0.063865746,149,1159,0.138824094,100,1104,0.126211224,72,588,0.28918034,44,412,0.128911033,365,3263,0.091455891,247,2156,0.086042354,118,1249
81,S05E20,20,5,0.234390065,294,3221,0.167656611,71,779,0.335496044,54,632,0.310320325,34,492,0.204600939,26,213,0.25467656,185,2116,-0.524544,3,25,0.212211481,106,1080
82,S05E21,21,5,0.144146426,314,2882,0.031406042,79,662,0.157910233,67,772,0.193081447,38,318,0.293588249,48,434,0.151653568,232,2186,,,,0.12056796,82,696
83,S05E22,22,5,0.217793309,299,3243,0.220367171,65,661,0.280024306,43,901,0.236485321,24,218,0.045208365,60,526,0.205246314,192,2306,0.6397525,3,40,0.231232553,104,897
84,S06E01,1,6,0.072557785,296,2935,0.137918238,67,647,0.069308811,41,488,0.020465094,42,636,0.269405986,39,284,0.103446667,189,2055,,,,0.000425227,107,880
85,S06E02,2,6,0.079405724,291,2865,-0.126125681,89,771,0.316916507,40,521,0.076216279,27,387,0.151326579,59,380,0.075216319,215,2059,0.314997521,13,121,0.05038292,63,685
86,S06E03,3,6,0.128868507,322,2880,0.160303717,97,861,0.158672441,36,381,0.224952982,39,436,0.152141274,53,424,0.171771218,225,2102,,,,0.012953985,97,778
87,S06E04,4,6,0.058937004,318,3278,0.033738288,91,888,-0.079877987,39,477,0.1915379,43,562,0.145100693,69,721,0.077084479,242,2648,-0.012110132,30,227,-0.020285856,46,403
88,S06E05,5,6,0.11213203,331,3069,0.188682479,77,605,0.15443278,41,482,0.196319355,37,465,0.162810926,56,421,0.176594729,211,1973,,,,-0.003912591,120,1096
89,S06E06,6,6,0.133778305,283,3185,0.160460758,81,818,0.151314263,42,624,0.223720887,46,541,0.163940868,44,438,0.172869104,213,2421,,,,0.009905497,70,764
90,S06E07,7,6,0.159544421,391,3773,0.069511355,133,1048,0.226345229,68,807,0.132780317,38,442,0.238007524,51,412,0.152180325,290,2709,,,,0.178293797,101,1064
91,S06E08,8,6,0.087617316,293,3286,0.126898377,76,801,0.176312167,54,600,-0.025995032,46,624,0.020385662,31,272,0.085658206,207,2297,,,,0.092167442,86,989
92,S06E09,9,6,0.285318669,325,3953,0.230884848,92,1089,0.30878556,45,741,0.195360392,51,510,0.299085938,44,512,0.257015954,232,2852,,,,0.358633243,93,1101
93,S06E10,10,6,0.184378341,295,3292,-0.06788929,62,775,0.289835938,50,640,0.222516187,30,278,0.323475194,45,387,0.153810192,187,2080,,,,0.236838531,108,1212
94,S06E11,11,6,0.114608567,314,2743,0.076988757,74,845,0.238718956,81,728,0.051884953,41,319,0.03958133,51,391,0.118646737,247,2283,0.262248649,5,37,0.079899764,62,423
95,S06E12,12,6,0.204982303,333,3170,0.278635784,112,925,0.202971375,72,793,0.051194318,28,352,0.271798775,42,408,0.220988176,254,2478,0.399055636,20,275,-0.018117746,59,417
96,S06E13,13,6,0.137992363,350,3588,0.043684636,77,755,0.107808604,93,709,0.204021875,42,448,-0.041049489,41,489,0.0752798,253,2401,0.220544,7,50,0.266792084,90,1137
97,S06E16,16,6,0.132597185,297,2735,-0.001831671,91,742,0.134252045,51,538,0.09190095,38,421,0.271842346,72,699,0.124823583,252,2400,,,,0.188288657,45,335
98,S06E17,17,6,0.179337468,381,3499,0.290766236,124,1238,0.162511253,47,471,0.025763789,48,417,0.006376721,54,494,0.171910305,273,2620,0.18702844,9,109,0.20352039,99,770
99,S06E18,18,6,0.121496115,331,2960,0.115846371,63,496,0.084898329,41,359,0.185646348,48,397,0.103950522,47,479,0.122144541,199,1731,0.137015743,65,451,0.111056812,67,778
100,S06E19,19,6,0.174194679,303,2725,0.043663301,67,515,0.147012195,49,451,0.197901377,67,581,0.113457111,57,450,0.127604156,240,1997,,,,0.301998626,63,728
101,S06E20,20,6,0.065384806,321,2909,-0.123358304,88,849,0.146758032,52,498,0.183217344,37,369,0.176073333,73,555,0.058864905,250,2271,0.082783983,23,231,0.091889681,48,407
102,S06E21,21,6,0.146107446,331,3089,0.162331598,82,845,0.134203866,54,569,0.269780263,42,456,0.270514976,51,414,0.196385814,229,2284,-0.031166497,47,394,0.036643066,55,411
103,S06E22,22,6,0.064397989,259,2437,-0.004280792,57,505,0.431383544,33,395,0.134648936,31,188,-0.070603731,30,268,0.1287809,151,1356,-0.229798165,15,109,0.007570988,93,972
104,S06E23,23,6,0.080380172,299,3016,0.058204862,84,761,0.230551738,42,489,0.08518449,52,735,-0.024310694,51,346,0.090618962,229,2331,-0.05469582,31,311,0.128888235,39,374
105,S06E24,24,6,0.082448326,239,2568,0.013066667,50,459,0.072035443,16,158,0.313895981,36,423,0.248581414,39,382,0.172373629,141,1422,-0.11171645,15,231,-0.008285792,83,915
106,S07E01,1,7,0.155518718,312,2575,0.148209538,84,650,0.305834097,75,698,0.26400678,42,413,-0.026382895,40,380,0.190947081,241,2141,0.062514931,44,288,-0.180556849,27,146
107,S07E02,2,7,0.043159214,308,3131,0.080875382,94,719,-0.070853251,67,969,-0.13731046,29,239,0.243113396,58,530,0.034808913,248,2457,-0.009434973,22,183,0.104547047,38,491
108,S07E03,3,7,0.088601847,384,3574,0.094432425,90,697,0.12034275,60,669,0.088520679,70,648,0.116313712,42,299,0.103098962,262,2313,0.063375439,10,57,0.061945764,112,1204
109,S07E04,4,7,0.103709235,340,3346,0.077587213,65,610,0.067799548,51,442,0.172197131,51,488,-0.053468026,65,613,0.059708268,232,2153,,,,0.183117519,108,1193
110,S07E05,5,7,0.027138066,282,3247,0.060962795,89,973,-0.180615223,37,381,0.2175,28,341,-0.015828411,49,535,0.025202556,203,2230,,,,0.031382104,79,1017
111,S07E06,6,7,0.187045056,393,3216,0.186937672,96,799,0.231399822,70,562,0.179025956,51,366,0.170752933,84,716,0.191237208,301,2443,0.109615152,19,198,0.195896696,73,575
112,S07E07,7,7,0.062939834,299,2892,0.074645246,76,610,0.101211698,65,530,0.02086119,28,420,0.149909119,40,329,0.083249127,209,1889,0.18492381,10,84,0.010044396,80,919
113,S07E08,8,7,0.066103276,354,3449,-0.004531185,106,869,0.066454196,60,703,0.075990452,52,597,0.236249076,58,487,0.076505761,276,2656,0.131784426,35,244,-0.01341439,43,549
114,S07E09,9,7,0.074834528,325,3096,0.116451097,70,775,-0.061959805,72,719,0.085757851,22,242,0.178547991,46,423,0.065761788,210,2159,0.036693443,34,244,0.116529293,81,693
115,S07E10,10,7,0.161449625,350,3196,0.073409669,56,362,0.074886897,80,809,0.353379341,71,910,0.009788791,31,339,0.170269174,238,2420,,,,0.133945361,112,776
116,S07E11,11,7,0.101014033,295,3000,0.112962007,61,608,0.041607376,55,583,0.221138122,37,362,0.193297854,32,466,0.130295592,185,2019,-0.031039348,46,460,0.104133205,64,521
117,S07E12,12,7,0.098130113,345,3530,0.038940152,69,660,0.206150298,41,503,0.108155714,57,490,0.261392604,36,338,0.135982471,203,1991,-0.099885106,6,47,0.053855764,136,1492
118,S07E13,13,7,0.119715717,345,3423,0.22427561,75,902,0.161927136,57,597,0.112510518,62,599,0.007081076,61,502,0.142275231,255,2600,-0.090960197,29,407,0.184836779,61,416
119,S07E14,14,7,0.195761866,372,3215,0.131379359,88,562,0.447236175,70,821,0.306292647,36,340,0.193855939,36,261,0.300278226,230,1984,0.112125214,72,583,-0.048991667,70,648
120,S07E15,15,7,0.17383946,266,2372,0.21855509,27,167,0.349681381,44,478,0.294863158,4,19,0.092769259,64,553,0.214092194,139,1217,0.012866742,60,445,0.205734225,67,710
121,S07E16,16,7,0.022207991,314,3216,-0.107592999,75,957,0.182012045,36,357,0.003447186,25,231,0.148608613,55,476,0.016598615,191,2021,0.031358104,87,728,0.032219272,36,467
122,S07E17,17,7,0.133523026,313,3813,0.116978508,75,1019,0.091856061,39,462,0.265117372,33,449,0.16239718,44,532,0.149094882,191,2462,0.062584251,53,654,0.145081205,69,697
123,S07E18,18,7,0.091407611,389,3127,0.05751972,137,928,0.200063664,78,655,0.118028274,45,481,0.033999234,33,261,0.107555011,293,2325,0.143675472,9,53,0.037585314,87,749
124,S07E19,19,7,0.100346815,355,3108,-0.013065374,73,722,0.035898517,38,472,0.170646278,53,497,0.199372311,68,437,0.084326974,232,2128,0.211530769,8,52,0.130851832,115,928
125,S07E20,20,7,0.052971557,296,2897,-0.065591054,71,626,0.147581436,48,571,0.249095225,40,356,-0.006734756,54,328,0.068940936,213,1881,0.157898907,14,183,-0.006140216,69,833
126,S07E21,21,7,0.129933096,267,2813,-0.011794035,65,570,0.146273824,46,489,0.086288426,26,216,0.238504348,32,299,0.098320457,169,1574,-0.063746087,23,230,0.223396432,75,1009
127,S07E22,22,7,0.182815566,261,2801,0.148522556,51,399,0.120631169,19,231,0.026798901,47,455,0.063630252,34,238,0.086518367,151,1323,0.069854203,35,345,0.329658341,75,1133
128,S07E23,23,7,0.153437332,309,3426,0.016741781,81,730,0.430502443,39,614,0.040431974,41,466,0.219767164,56,670,0.178481976,217,2480,0.309044706,6,85,0.065937515,86,861
129,S07E24,24,7,0.098559866,332,2696,0.07765537,84,717,0.187575,77,596,0.015769178,59,438,0.013334211,20,190,0.091145801,240,1941,0.039591626,26,203,0.146315761,66,552
130,S08E01,1,8,0.054722059,315,2720,0.041468692,92,757,0.193772634,65,486,-0.094379446,37,433,-0.024105714,52,455,0.034599202,246,2131,,,,0.127526486,69,589
131,S08E02,2,8,0.088134926,306,2909,0.114135116,69,561,-0.145233016,47,630,0.125273591,47,337,0.275212368,40,380,0.0625424,203,1908,0.182551757,27,313,0.116155378,76,688
132,S08E03,3,8,0.166691235,302,2989,0.129218035,89,804,0.262438716,41,545,0.11761618,38,377,0.195459298,50,570,0.175380444,218,2296,,,,0.137902742,84,693
133,S08E04,4,8,-0.00687076,324,3054,-0.163477114,95,1005,0.094609859,48,355,0.024553231,61,588,0.175593533,57,634,-0.00191495,261,2582,-0.033397333,7,75,-0.034090932,56,397
134,S08E05,5,8,0.118463626,325,2675,0.003435714,74,462,0.153122811,55,434,0.177901274,44,471,0.096727309,53,498,0.107240912,226,1865,0.298562542,24,299,0.054042466,75,511
135,S08E06,6,8,0.005629066,271,2601,0.061657033,76,519,-0.13485119,34,336,-0.014616959,31,342,0.144037604,35,359,0.021465617,176,1556,-0.233622148,21,298,0.06808581,74,747
136,S08E07,7,8,0.180423107,357,3276,0.099099125,104,800,0.074111359,44,537,0.341770759,52,619,0.193736289,57,485,0.173943179,257,2441,,,,0.199366228,100,835
137,S08E08,8,8,0.081263902,319,2978,0.01301202,80,782,0.05079588,51,534,0.037846627,46,504,0.169243093,52,485,0.060068547,229,2305,0.303853763,14,93,0.129806034,76,580
138,S08E09,9,8,0.098749948,309,2877,0.099383879,85,763,0.20023884,59,569,0.034006897,36,319,0.174513811,39,391,0.131659598,219,2042,,,,0.018269102,90,835
139,S08E10,10,8,-0.014052829,301,3606,-0.022460462,83,822,-0.133146335,46,805,-0.157626411,33,443,0.30644233,33,515,-0.014567118,195,2585,0.004054237,34,472,-0.027198725,72,549
140,S08E11,11,8,0.09324067,345,3076,0.047728615,95,657,0.13352527,53,649,0.025579004,52,462,0.089233163,39,392,0.076302083,239,2160,0.283709859,6,71,0.120535385,100,845
141,S08E12,12,8,0.129657404,362,3397,0.111464444,60,495,0.095042653,57,490,0.16767301,50,515,0.1853025,52,440,0.138984794,219,1940,0.084751761,90,852,0.162987107,53,605
142,S08E13,13,8,0.082115925,286,2945,0.127664474,61,608,0.143012274,35,497,0.132505505,46,545,-0.039529644,64,506,0.093186735,206,2156,,,,0.051864132,80,789
143,S08E14,14,8,0.154500766,301,3525,0.268665498,51,542,0.153935209,54,693,0.169350565,49,797,0.038386965,42,491,0.160964804,196,2523,0.211812658,11,79,0.131926111,94,923
144,S08E15,15,8,0.098177456,295,2932,0.003316807,70,476,0.141854096,54,586,0.14303364,59,761,-0.012804908,55,489,0.08100878,238,2312,,,,0.1622,57,620
145,S08E16,16,8,0.168841532,297,2728,0.1872753,91,834,0.239919904,34,417,0.351504887,42,532,0.039441045,62,536,0.200248038,229,2319,-0.021096429,4,28,-0.008359055,64,381
146,S08E17,17,8,0.09994688,387,3189,0.069192768,103,719,0.170771198,42,434,0.037130905,45,398,-0.020748936,41,376,0.067898703,231,1927,0.168141154,26,260,0.143885329,130,1002
147,S08E18,18,8,0.011935101,281,2715,0.023092214,58,411,0.069881465,44,437,-0.046190582,39,361,0.10961858,54,479,0.044941706,195,1688,,,,-0.042315287,86,1027
148,S08E19,19,8,0.137134525,294,2798,0.12448367,80,643,0.102309963,32,271,0.136277143,39,350,0.246435878,36,524,0.159171365,187,1788,,,,0.098122772,107,1010
149,S08E20,20,8,0.051351984,305,3049,0.089632833,90,600,-0.099662663,37,383,0.198006838,55,702,-0.120803597,30,278,0.061653744,212,1963,0.153417895,13,190,0.007138951,80,896
150,S08E21,21,8,0.109447255,287,3005,0.072823529,56,493,0.095728352,40,455,0.145238626,62,655,0.107113,38,400,0.108554618,196,2003,0.116339474,3,38,0.11103029,88,964
151,S08E22,22,8,0.067811362,328,2746,0.124577234,100,593,0.055361092,59,586,0.101252083,49,480,-0.08701506,35,332,0.063298795,243,1991,,,,0.079711391,85,755
152,S09E01,1,9,0.05059076,312,2738,-0.077482902,89,696,0.163751629,64,614,0.128099768,45,431,-0.015996117,30,309,0.047260293,228,2050,0.011947222,31,252,0.088585321,53,436
153,S09E02,2,9,0.130478131,372,3178,0.150532828,117,990,0.18464322,54,472,0.003991246,54,594,0.216314286,52,413,0.132801823,277,2469,0.160275,13,92,0.116736629,82,617
154,S09E03,3,9,0.158670162,307,3080,0.065862581,77,620,0.238279847,58,655,0.119467713,36,446,0.298591193,52,545,0.182225463,223,2266,0.03658246,41,439,0.159257333,43,375
155,S09E04,4,9,0.07939952,303,2918,-0.002401192,89,671,0.267651807,44,498,0.112242406,53,665,0.030584472,42,483,0.095422054,228,2317,-0.026867347,18,147,0.032036123,57,454
156,S09E05,5,9,0.124039543,321,3108,0.076981422,77,689,0.038511434,57,516,0.057700464,59,646,0.31632,23,220,0.086806857,216,2071,0.278249698,48,497,0.124903333,57,540
157,S09E06,6,9,0.124347713,298,3257,0.08764448,68,625,0.155362105,49,475,0.18720045,58,889,0.146106653,47,481,0.147883927,222,2470,-0.111038372,12,86,0.070294579,64,701
158,S09E07,7,9,0.025825803,344,3267,0.004585251,81,617,-0.044294657,75,861,0.178259862,81,872,-0.017591702,61,470,0.039668759,298,2820,,,,-0.061505593,46,447
159,S09E08,8,9,0.082180619,438,3942,0.069448851,100,827,0.109708005,67,787,0.242596954,51,591,0.006645332,79,814,0.096905763,297,3019,0.204265789,15,114,0.010026205,126,809
160,S09E09,9,9,0.086857159,318,3471,0.030929568,67,602,0.156713215,62,734,0.19074027,41,519,0.177179707,45,547,0.137201749,215,2402,0.012643523,22,193,-0.034837443,81,876
161,S09E10,10,9,0.110947365,365,3454,0.097557935,71,523,0.161651734,66,692,0.209462378,51,614,0.023636851,54,578,0.12677931,242,2407,-0.039385676,30,370,0.136819941,93,677
162,S09E11,11,9,0.075402055,352,3941,0.071090113,71,799,-0.011121021,76,1313,0.170427135,37,527,0.174469497,40,318,0.063407339,224,2957,0.111855882,37,340,0.111231366,91,644
163,S09E12,12,9,0.178807851,332,2917,0.07765412,84,619,0.134537136,45,412,0.243530806,58,633,0.282690185,57,540,0.186163748,244,2204,0.109052716,36,313,0.19286025,52,400
164,S09E13,13,9,0.178734681,275,3117,-0.072123934,89,844,0.046930343,47,379,0.267331742,32,419,0.320483587,52,658,0.121654,220,2300,0.59765,2,34,0.328214176,53,783
165,S09E14,14,9,0.01379519,338,3555,-0.056494505,102,1001,0.030873994,60,696,0.101479021,40,572,0.122470242,68,662,0.035502764,270,2931,,,,-0.088167788,68,624
166,S09E15,15,9,0.086928169,341,3014,0.123716639,65,607,-0.013366206,58,651,0.254786775,38,431,0.081354622,65,476,0.099275982,226,2165,0.112005362,41,373,0.011115546,74,476
167,S09E16,16,9,0.021662568,287,2773,-0.026891846,67,650,0.027382479,56,702,0.348892233,30,309,0.053623355,44,304,0.064046819,197,1965,-0.036034167,21,120,-0.089327907,69,688
168,S09E17,17,9,0.050767079,301,3074,-0.0521059,76,678,0.025761808,36,343,0.241622756,37,479,0.060135194,36,412,0.059634676,185,1912,0.097149688,36,320,0.013003088,80,842
169,S09E18,18,9,0.085209714,299,2697,0.111629534,72,579,0.123638846,54,520,-0.058960684,33,351,0.04203653,41,438,0.067077595,200,1888,,,,0.127525464,99,809
170,S09E19,19,9,0.056641423,364,2740,0.06453021,105,619,0.055882067,45,329,0.095593896,56,557,0.018076821,58,453,0.061166496,264,1958,,,,0.045311381,100,782
171,S09E20,20,9,0.072542852,316,2784,0.011879316,75,585,0.038387991,49,433,0.12403696,57,717,0.086721158,48,449,0.069342353,229,2184,,,,0.084192667,87,600
172,S09E23,23,9,0.035248511,713,6986,0.071567091,151,1334,-0.022854667,126,975,0.170964477,38,411,0.140492479,75,585,0.068272829,390,3305,0.01713093,45,527,0.003670387,278,3154
